format,domain,n,name
bakery,paris.co.kr,2346,파리바게뜨 김해내외점
bakery,parisbaguette.com,1070,PARIS BAGUETTE
bakery,tlj.co.kr,1018,뚜레쥬르 김해내동점
bakery,blog.naver.com,212,아크
bakery,fujipanstore.com,182,エピシェール沖縄読谷店
bakery,viedefrance.co.jp,177,ヴィ・ド・フランス
bakery,dunkindonuts.co.kr,171,던킨도너츠 창원시티세븐점
bakery,nogaminopan.com,159,乃が美 はなれ プラザハウス販売店
bakery,ameblo.jp,139,ポールシュガー
bakery,littlemermaid.jp,138,リトルマーメイド
bakery,donq.co.jp,122,ドンク 沖縄リウボウ店
bakery,dcake.co.kr,96,떡보의하루 창원점
bakery,cocohodo.co.kr,80,코코호도 창원대방점
bakery,pompadour.co.jp,76,ポンパドウル御影店
bakery,ginza-nishikawa.co.jp,62,銀座に志かわ 沖縄普天間店
bakery,hare-pan.com,61,純生食パン工房 HARE/PAN 沖縄店
bakery,aeon-bakery.co.jp,58,カンテボーレ 和歌山店
bakery,shokupan-ippondo.jp,57,一本堂 名東上社店(Ippondo)
bakery,heart-bread.com,56,ハートブレッドアンティーク イオンモールりんくう泉南店
bakery,saint-germain.co.jp,54,サンジェルマン 豊橋店
bakery,andersen.co.jp,47,DANISH HEART(デニッシュハート阪急うめだ本店)
bakery,boulangerie.co.kr,46,브랑제리 전남여천점
bakery,shillabakery.com,45,신라명과 창원남산점
bakery,saint-marc-hd.com,44,BAQET
bakery,addal.co.kr,43,아딸 나운점
bakery,bizeun.co.kr,43,빚은 여수문수점
bakery,yamazakipan.co.jp,41,サンエトワール 立花駅店
bakery,r.tabelog.com,40,パン ドゥ マルシェ
bakery,h-saint-germain.co.jp,39,サンヴァリエ ソシア店
bakery,r.goope.jp,39,パティスリーエピソード
bakery,instagram.com,39,Milgot Bakery
bakery,edaynday.com,38,데이앤데이 문현점
bakery,cityfood.co.kr,37,우리떡방앗간
bakery,bbanggoomteo.co.kr,36,빵굼터 전주평화점
bakery,breadnco.kr,35,브레댄코 천안청당점
bakery,mont-thabor.jp,34,モンタボー東大阪店
bakery,penguinbakery.com,30,ペンギンベーカリー泉佐野店
bakery,melon-de-melon.com,30,Melon de melon 岡本店
bakery,auntieannes.co.kr,29,앤티앤스 디큐브거제점
bakery,isaburo.jp,28,伊三郎製パン 住吉店
bakery,geocities.jp,27,クロックムシュー
bakery,sweetsguide.jp,27,ブランジェリー・プチ・ブレ
bakery,sindduk.com,26,신떡 창원중앙점
bakery,kobeya.co.jp,25,フレッシュベーカリー 神戸屋
bakery,sunmerrys.co.jp,24,サンメリー 池上店
bakery,okayama-kimuraya.co.jp,23,キムラヤ アイネスフクヤマ店
bakery,pariscroissant.co.kr,23,PARIS CROISSANT Café
bakery,sizuya.co.jp,23,志津屋 桂坂店
bakery,la-pan.jp,22,ラ・パン 関目店
bakery,okano.co.jp,22,Coos Conservo 千林店 (クーズ コンセルボ)
bakery,thecitybakery.jp,22,THE CITY BAKERY
bakery,cafe.naver.com,21,꼬띠디앙
bakery,arteria-bakery.com,21,アルテリアベーカリー
bakery,gontrancherrier.kr,21,Gontran Cherrier
bakery,ryoyupan.co.jp,21,ブレッドハウス 大野店
bakery,rotiboykorea.com,21,로티보이 남천KBS점
bakery,blog.goo.ne.jp,20,ブーランジェリー コナ
bakery,kobeyarestaurant.co.jp,20,神戸屋キッチン
bakery,daisy1962.co.jp,20,デイジイ東京 (Daisy Tokyo)
bakery,rollingpin.co.kr,20,ROLLING PIN
bar,monteroza.co.jp,1057,白木屋 国際通り店
bar,ameblo.jp,637,グリーンフラッシュ
bar,tudari.co.kr,602,투다리
bar,torikizoku.co.jp,537,鳥貴族 三田ウッディタウン店
bar,r.gnavi.co.jp,501,シーサーズ
bar,beauty-park.jp,460,理容プラージュ イオンやいま前店
bar,cuttwin.co.jp,356,理容cut-A 名護店
bar,yoronotaki.co.jp,345,養老乃瀧 寄宮店
bar,blog.naver.com,283,94STREET 속초부영점
bar,chimney.co.jp,255,はなの舞 ルートイン札幌駅北口店
bar,daisyo.co.jp,216,大庄水産 札幌・読売北海道ビル店
bar,oizumifoods.co.jp,191,くいもの屋 わん 琴似店
bar,hitosara.com,190,居酒屋和楽
bar,tabelog.com,183,ぶらんちゅ 国際通り店
bar,geocities.jp,177,Seaside Dining 洒楽
bar,gourmet.yahoo.co.jp,177,若大将
bar,tsubohachi.co.jp,174,つぼ八 胡屋店
bar,yossix.co.jp,173,ニパチ 富士駅前店
bar,localplace.jp,171,瑠璃庵
bar,marche.co.jp,170,八剣伝北24条店
bar,search.daisyo.co.jp,131,庄や古川駅前店
bar,pub-hub.com,122,HUB COCONO SUSUKINO
bar,r.goope.jp,114,BumBun
bar,andmowa.com,110,盛岡個室物語竹取御殿盛岡大通り店
bar,doma-doma.com,101,土間土間 山形店
bar,miraizaka.com,99,ミライザカ
bar,yataizushi.jp,94,や台ずし 宮の沢町
bar,blog.livedoor.jp,90,てんぐの蔵
bar,phads.jp,90,新時代 仙台新伝馬町店
bar,dd-holdings.jp,84,ワイン酒場 ガブリシャス 仙台店
bar,via-hd.co.jp,82,備長扇屋盛岡南店
bar,teke-teke.com,82,てけてけ
bar,dynac-japan.com,82,鳥の一 幕張店
bar,garten.co.kr,78,가르텐비어조양점
bar,osakeno-museum.com,76,お酒の美術館 ヨドバシ仙台店
bar,hotpepper.jp,76,居酒屋どんく 市電通り店
bar,tsukadanojo.jp,76,宮崎県日南市 塚田農場 札幌駅北口店
bar,savorjapan.com,75,おこのみやき・もんじゃ沖縄鉄板 たぬき
bar,cheerskorea.com,75,치어스 통영 무전점
bar,fishngrill.net,74,피쉬앤그릴 속초점
bar,danke-bros.co.jp,74,矢まと 古河店
bar,roza.monteroza.co.jp,71,濱焼北海道魚萬 深川店
bar,s.tabelog.com,65,魚活鮮とあぶり焼 海へ
bar,torimero.com,64,三代目 鳥メロ 福井駅前店
bar,ginzalion.jp,64,ビヤホールライオン 狸小路店
bar,teng.co.jp,63,天狗 浜松船越店
bar,bonggubeer.com,61,봉구비어 대청점
bar,atom-corp.co.jp,61,いろはにほへと 花川店
bar,wabar.co.kr,60,Wabar
bar,nis-torisho.com,58,鶏笑胡屋店
bar,aiseki-ya.com,58,相席屋 沖縄国際通り店
bar,locoplace.jp,58,afro nest
bar,ggmi.co.kr,57,역전할머니맥주 통영무전점
bar,bar-navi.suntory.co.jp,57,HIGHBALL BAR 杜の都1923
bar,hanbey.com,57,薄利多賣 半兵ヱ
bar,nttbj.itp.ne.jp,57,アンジュ・コワフィール城間店
bar,blogs.yahoo.co.jp,55,ぐんかん岬
bar,qbhouse.co.jp,55,QBハウス サンエー経塚シティ店
bar,colowide.co.jp,54,海へ 南6条店
bar,dartsup.co.jp,52,DartsUP本厚木店
bar,cafe.naver.com,52,멀티플러스 창원점
bar,daikichi.co.jp,51,大吉 北郷店
bar,dan-b.com,51,DINERS'BAR LUMBER JACK
bar,g-taste.co.jp,51,とりあえず吾平
bar,dailybeer.co.kr,50,Daily beer
bar,cityfood.co.kr,48,붐비어
bar,movia.jpn.com,48,やきとりの扇屋仙台荒井店
bar,profile.ameba.jp,48,ティーボヘアー
bar,isomaru.jp,47,磯丸水産 札幌狸小路店
bar,sugidama-sushiizakaya.jp,47,杉玉
bar,instagram.com,46,酒処・小料理 迦風 (かふう)
bar,funbeerking.com,46,비어킹
bar,plage-bb.co.jp,45,理容プラージュ
bar,ikkun.co.kr,44,꾼노리 창원용호점
bar,ggyao.usen.com,43,焼きの大関
bar,shinobuya.horiifood.co.jp,43,隠れ菴　忍家　多賀城店
bar,peraichi.com,42,沖縄食材ダイニング キリバール
bar,amataro.jp,41,甘太郎 手稲店
bar,dipunto.wine,41,Di PUNTO
bar,eonet.ne.jp,40,Lammin
bar,r.tabelog.com,40,Mahi Mahi
bar,yamachan.co.jp,39,世界の山ちゃん
bar,foodplace.jp,39,BAR Another Door
bar,aix-group.co.jp,38,山の猿 真駒内店
bar,sumamoba.com,38,ほんまや
bar,toritoritei.co.jp,37,とりとり亭富士店
bar,job-gear.jp,37,理容プラージュ 釧路店
bar,rakuzo.dkdining.com,37,楽蔵 盛岡大通店
bar,barmoonwalk.jp,36,Bar moonwalk 虎屋横丁店
bar,yataiya-group.com,36,ニパチ 水前寺店
bar,homepage3.nifty.com,36,なごみ
bar,sp.raqmo.com,35,天晴
bar,eat-factory.com,35,屋台居酒屋大阪満マル 小松店
bar,app.catchtable.co.kr,35,사이쵸
bar,tori-tetsu.com,35,とり鉄 仙台国分町店
bar,wa-bar.co.kr,35,와바 전주송천점
bar,kaburaya.bz,34,かぶら屋 高槻店
bar,3qcut.com,34,3Q CUT
bar,schmatz.jp,34,Schmatz
bar,princehotels.co.jp,34,ロビーラウンジ摩周
bar,blog.goo.ne.jp,34,bar Collage
bar,syu-wa.co.jp,33,加賀屋
bar,osusumeya.co.jp,33,おすすめ屋千葉店
bar,dionys.co.kr,32,디오니스 광주황금점
bar,goo.gl,32,一本気の源侍那覇本店
bar,blog.kbmyshop.com,32,세븐호프
bar,cut-factory.net,32,カットファクトリー イオン多賀城店
bar,www7b.biglobe.ne.jp,32,フィードバック
bar,hokkaido-aji.com,31,北の味紀行と地酒北海道 千葉駅前店
bar,sfpdining.jp,31,五の五 本厚木北口店
bar,at-ml.jp,30,歩っぽや
bar,page.line.me,30,はなび美里店
bar,pronto.co.jp,30,プロント福岡新天町店
bar,ys-holdings.co.jp,29,居酒屋ごはん ふらりむらさき 盛岡津志田店
bar,watamifoodservice.jp,29,炭火焼だいにんぐ わたみん家 仙台西口店
bar,yuudining.com,29,居酒屋それゆけ！鶏ヤロー！福島栄町店
bar,shokokai.or.jp,29,島料理いすん
bar,kirincity.co.jp,29,キリンシティプラス JR仙台駅
bar,maps.app.goo.gl,29,居酒屋 大都会 Okinawa 那覇店
bar,11cut.com,28,11Cut
bar,gabuchiki.com,28,がブリチキン。那覇久茂地店
bar,193.co.jp,28,居酒屋 一休
bar,lit.link,28,串酒場まいど1号
bar,homepage2.nifty.com,28,久楽屋
bar,hamayaki.jp,28,浜焼太郎 手稲店
bar,cafe.daum.net,28,김해뮤즈라이브
bar,cityheaven.net,28,ALLURE Happiness
bar,hikari-food-service.jp,27,焼きとん 大黒 広島中央店
bar,horiifood.co.jp,27,隠れ庵 忍家
bar,miller-time.co.kr,26,밀러타임 전주평화점
bar,j47.jp,26,DINING BAR 伽藍堂
bar,ichibandori.com,26,博多一番どり 厳原店
bar,700beer.com,26,700비어 감천점
bar,g.page,26,洋風酒場TOY
bar,yukjunfnc.kr,26,역전할머니맥주
bar,harrykorea.co.kr,26,해리피아 용인명지대점
bar,active-source.co.jp,25,晩杯屋 天満店
bar,cs-delight.co.jp,25,沖縄料理泡盛琉歌沖縄本店
bar,idasarang.com,25,다사랑치킨여문점
bar,alleypub.com,25,엘리팝 대구현풍점
bar,kids1109.co.jp,25,やさい屋つゆしゃぶ きょうと畑
bar,brands.tbi-group.co.jp,25,ちゅらちゅら 那覇国際通り店
bar,kamadoka.com,25,かまどか
bar,hibiya-bar.com,24,日比谷Bar 渋谷1号店
bar,riyou.jp,24,理容室ブーム 泊店
bar,saiya.co.kr,24,사이야 전주효자점
bar,shizuoka.j47.jp,24,六軒町
bar,gourmet.suntory.co.jp,24,ホルモン居酒屋 轍（ＷＡＤＡＣＨＩ）
bar,www1.ocn.ne.jp,23,まる
bar,jandj-food.co.jp,23,長崎さかな市場 江戸町店
bar,apcompany.jp,23,じとっこ組合盛岡店
bar,bee-style.jp,23,Bee仙台
bar,retty.me,23,なかや
bar,jankara.ne.jp,23,Karaoke Cafe ススキノ
bar,rockq.co.kr,22,락휴
bar,x.com,22,シーシャカフェ&バー modern
bar,bagus-99.com,22,Bane BAGUS
bar,just.st,22,ゆめ家
bar,dreamersgroup.jp,22,串屋横丁 四街道店
bar,lin.ee,21,下田理容院
bar,kaihan.co.jp,21,昭和食堂熊本にじの森店
bar,yugaekju.co.kr,21,유객주 평촌역점
bar,hanshinpocha.com,21,한신포차
bar,sapporobeer.jp,21,居酒屋いっちょこい
bar,kichiri.com,21,KICHIRI 三宮フラワーロード
bar,beauty.hotpepper.jp,20,ヘアーサロンループス
bar,beercabin.co.kr,20,비어캐빈(시흥 사거리)
bar,shinjuku-omoide.com,20,やきとん 野方屋
bar,www5.ocn.ne.jp,20,ヘアーサロンコバヤシ
bar,s.ameblo.jp,20,炭火焼とワイン Napa ニイガタバル
bar,jproject-shop.jp,20,牛タンと海鮮日本酒居酒屋三枡三蔵仙台駅前本店
bar,torinosuke.gr.jp,20,にわ・とりのすけ 盛岡大通本店
beauty,beauty-park.jp,51594,Hair Salon Noa
beauty,beauty.hotpepper.jp,1922,キャリオン
beauty,blog.naver.com,1042,포쉬네일 속초점
beauty,qbhouse.co.jp,427,QBハウス サンエー経塚シティ店
beauty,cuttwin.co.jp,387,理容cut-A 名護店
beauty,ameblo.jp,326,ルーセントスパ 那覇本店
beauty,nttbj.itp.ne.jp,322,アンジュ・コワフィール城間店
beauty,blueclub.co.kr,229,블루클럽구산점
beauty,bodywork.co.jp,181,ラフィネ
beauty,aritaum.com,170,아리따움 장유롯데아울렛점
beauty,kamimado.viceviza.com,170,ヘアメイク　クープ　びぃまた店
beauty,cafe.daum.net,156,미들수헤어
beauty,geocities.jp,155,ナイル理容所
beauty,relxle.com,143,りらくる 具志川店
beauty,hkbn.co.jp,126,ヘアーサロンイワサキ
beauty,karada39.com,118,カラダファクトリー  平塚OSC湘南シティ
beauty,cafe.naver.com,118,헤어프린세스 중앙점
beauty,pschair.co.kr,106,박승철헤어스투디오 부산서면점
beauty,ash-hair.com,102,Ash 緑園都市店
beauty,etude.co.kr,99,에뛰드하우스 속초점
beauty,riahn.co.kr,94,리안헤어
beauty,tayanet.jp,93,TAYA イオンモール津田沼店
beauty,pola.net,92,Esty-SaRa
beauty,11cut.com,91,イレブンカット 鴨宮店
beauty,hairmake-earth.com,91,HAIR&MAKE EARTH 沖縄新都心店
beauty,riraku-salon.com,90,りらくる 国際通り店
beauty,cut-factory.net,90,カットファクトリー 平塚店
beauty,plage-bb.co.jp,87,理容プラージュ
beauty,leekaja.co.kr,85,이가자헤어비스
beauty,white-ex.co.jp,84,ホワイト急便 南上原店
beauty,reraku.jp,71,Re.Ra.Ku
beauty,home.rasysa.com,71,angara
beauty,job-gear.jp,70,美容プラージュ 北谷店
beauty,junohair.com,70,준오헤어
beauty,3qcut.com,67,サンキューカット イオンタウン蒲原店
beauty,menard.co.jp,66,メナードフェイシャルサロン古島
beauty,naturerepublic.co.kr,65,네이처리퍼블릭 롯데마트창원중앙점
beauty,riyou.jp,61,理容室ブーム 泊店
beauty,parkjun.com,60,박준뷰티랩 김해내외점
beauty,kpado.jp,59,SAKURA
beauty,innisfree.co.kr,59,이니스프리 용호점
beauty,blog.daum.net,58,박춘헤어뉴스
beauty,c-3-esthe.com,57,シースリー 名護店
beauty,global-sports.co.jp,55,てもみん
beauty,agu-hair.com,55,Agu hair kafuu 宜野湾店
beauty,oliveyoung.co.kr,55,올리브영 김해내외점
beauty,homepage2.nifty.com,51,是永治療院
beauty,tbc.co.jp,50,TBC長野駅前店
beauty,kerker.co.kr,49,이철헤어커커속초이마트점
beauty,musee-pla.com,48,ミュゼプラチナム
beauty,sunlounge.co.jp,48,ザ サンラウンジ 本厚木店
beauty,shop.beautynet.co.kr,47,미샤 창원더시티세븐점
beauty,usachan-shop.jp,46,うさちゃんクリーニング
beauty,homepage3.nifty.com,46,美容室 Asum（あすむ）
beauty,titinet.co.kr,44,박승철 헤어스투디오 창원이마트점
beauty,iniceguy.com,44,나이스가이
beauty,r.goope.jp,43,hair of rejoice
beauty,quickcutbb.com,42,クイックカットBB メガドン・キホーテ浜松可美店
beauty,hogushi-tj.com,42,ほぐしの達人 津田沼駅前店
beauty,theskinfood.com,41,스킨푸드 김해홈플러스점
beauty,haruka.co.jp,41,アトリエはるか 大丸札幌店
beauty,eonet.ne.jp,40,おしゃれハウスはせがわ
beauty,douga-plus.itp.ne.jp,40,ココ・タキヤマ美容室
beauty,mens-rinx.jp,40,RINX 神奈川厚木店
beauty,salondejun.net,38,サロンドジュンBZ
beauty,j-esthe.com,37,ジェイエステティック 本厚木店
beauty,thefaceshop.com,36,롯데마트 더페이스샵
beauty,cut1000.com,36,ファミリーカット 天王台店
beauty,matsu-moto.com,35,美粧館六甲道店
beauty,slim.co.jp,35,スリムビューティハウス 沖縄店
beauty,naver.me,35,서면맨즈헤어 멋
beauty,cutcomz.jp,35,カットコムズ 内灘店
beauty,etonymoly.com,34,토니모리
beauty,modshair.co.jp,33,mod's hair 渋沢店
beauty,cut-hikari.com,33,カットハウスひかり ベイシア壬生店
beauty,thefootshop.cn,32,더풋샵 천안 두정점
beauty,hakuyosha.co.jp,32,白洋舎 新港営業所
beauty,s.ameblo.jp,32,サロンドYOU
beauty,pony-cl.co.jp,32,ポニークリーニング
beauty,nailquick.co.jp,31,ネイルクイック
beauty,apollo-g.com,31,美容室・理容室　ルアージュ　あすみが丘店
beauty,beautymade.com,30,약손명가 진주동성동점
beauty,aube-hair-group.com,30,AUBE hair libre 札幌手稲店
beauty,ebeaute.co.kr,30,보떼 부산부평점
beauty,tbk-net.co.jp,30,美容室 TBK 平塚店
beauty,kamikiridokoro.co.jp,29,かみきりどころ 神保原店
beauty,mipl.co.kr,29,미플아미아 창원이마트점
beauty,beautycredit.co.kr,29,뷰티크레딧 용호점
beauty,m.place.naver.com,29,Senavy Hair Salon Gwangan
beauty,cp-cosmetics.com,28,CPサロンStepY
beauty,www5.ocn.ne.jp,28,ノンシャラン
beauty,shokokai.or.jp,28,り楽ゼーション りんごの風
beauty,gokurakuyu.ne.jp,27,極楽湯 宇都宮店
beauty,profile.ameba.jp,27,大名整骨院
beauty,www7b.biglobe.ne.jp,27,chitoka
beauty,hairsalon-season.com,27,SEASON
beauty,papas-and-mamas.co.jp,27,PAPA'S 泉ヶ丘店
beauty,1010.or.jp,27,中乃湯
beauty,forsythe.co.kr,26,포쉬네일
beauty,cleantopia.com,26,크린토피아
beauty,2hoon.co.kr,26,이훈헤어칼라 광주상무점
beauty,riracle.com,26,りらくる 熊谷店
beauty,asian-relaxation-villa.com,25,asian relaxation villa 厚木恩納店
beauty,goo.gl,25,整体・カイロプラクティック・コパ
beauty,ba-na.jp,25,くーぷ美容室
beauty,neolive.co.jp,25,Neolive aim
beauty,e-hairsalons.com,25,ヘアーサロンNAKAMURA
beauty,beauty.geocities.jp,25,ダイシン理容蜆塚店
beauty,aesop.com,24,イソップ 仙台パルコ2
beauty,datsumo-labo.jp,24,脱毛ラボ 長野店
beauty,www3.ocn.ne.jp,23,ミントハウス
beauty,www7.ocn.ne.jp,23,伊那美顔
beauty,jdjd.co.kr,23,쟈끄데상주롯데백화점전주점
beauty,salonnavi.com,23,ミヨシ理容室
beauty,www6.ocn.ne.jp,22,ジェイモード 藤枝店
beauty,shairesalon-go.today,22,GO TODAY SHAiRE SALON
beauty,toxjapan.co.jp,22,Hair Off ヘアーオフ 龍ヶ崎店
beauty,lion-gen.co.jp,22,きらら旭店
beauty,citydo.com,22,神山整骨院
beauty,kenji-group.co.jp,22,FACE。伊勢原
beauty,beauty-face.jp,22,Beauty Face 平塚ラスカ店
beauty,www4.ocn.ne.jp,22,東洋鍼灸院
beauty,relaxe.jp,22,リラクゼ ホテルメッツ津田沼店
beauty,onoewasai.jp,21,MOKA朝倉店
beauty,takanoyuri.com,21,たかの友梨ビューティクリニック小田原万葉の湯店
beauty,mirangcurl.com,21,미랑컬 휴앤락점
beauty,osaka268.com,21,浜の湯温泉
beauty,my-style.co.jp,21,ビューティステージ 猪名川店
beauty,ne.jp,21,とこやフジワラ
beauty,momikaru.com,20,もみかる 流通通り店
beauty,ac.ebis.ne.jp,20,ミュゼプラチナム 新静岡駅前店
beauty,temomiya.jp,20,手もみ屋本舗
beauty,hiyake.com,20,日焼けサロンイリオスパーソナル土浦店
beauty,elleseine.co.jp,20,エルセーヌ長岡ジャスコ店
beauty,s-b-c.net,20,湘南美容クリニック本厚木院
beauty,hiroginza.com,20,ヒロ銀座 バーバーショップ 札幌本店
beauty,blog.livedoor.jp,20,エステルームレモン
beauty,bearhug.co.jp,20,ベアハグ
bookstore,bookoff.co.jp,564,BOOKOFF コザ店
bookstore,store-tsutaya.tsite.jp,347,TSUTAYA 石垣店
bookstore,miraiyashoten.co.jp,158,未来屋書店
bookstore,village-v.co.jp,134,ヴィレッジヴァンガード イオン富士南店
bookstore,miyawakishoten.com,117,宮脇書店 名護店
bookstore,kumabook.com,98,田園書房
bookstore,kinokuniya.co.jp,72,紀伊國屋書店
bookstore,bunkyodo.co.jp,62,文教堂書店 伊勢原店
bookstore,furu1.net,53,古本市場 コレクターズ  藤原台店
bookstore,kumabook.net,50,くまざわ書店
bookstore,yurindo.co.jp,41,有隣堂
bookstore,kyobobook.co.kr,40,KYOBO Book Centre (교보문고)
bookstore,sanyodo.co.jp,37,三洋堂書店
bookstore,ypbooks.co.kr,34,영풍문고 (YP BOOKS)
bookstore,junkudo.co.jp,33,ジュンク堂書店
bookstore,books-ogaki.co.jp,31,大垣書店
bookstore,ubook.co.jp,31,古本市場トップブックス 佐久小諸店
bookstore,haruya.co.jp,29,明屋書店 浜松渡瀬店
bookstore,book1st.net,29,ブックファースト 六甲店
bookstore,maruzenjunkudo.co.jp,27,丸善
bookstore,geo-online.co.jp,26,文真堂書店 安中店
bookstore,blog.naver.com,22,동백문고
bookstore,off.aladin.co.kr,22,알라딘 중고서점
bookstore,blg.co.jp,22,喜久屋書店 西神中央店
bookstore,books-sanseido.co.jp,21,三省堂書店
bookstore,seibunkan.co.jp,21,精文館書店 領家店
bookstore,tsutaya.tsite.jp,20,谷島屋書店
cafe,starbucks.co.jp,1881,Starbucks
cafe,doutor.co.jp,1139,ドトールコーヒーショップ
cafe,istarbucks.co.kr,1012,Starbucks
cafe,komeda.co.jp,993,コメダ珈琲店 沖縄泡瀬店
cafe,ediya.com,959,이디야커피
cafe,mega-mgccoffee.com,958,메가MGC커피
cafe,twosome.co.kr,922,A TWOSOME PLACE
cafe,starbucks.co.kr,791,Starbucks
cafe,tullys.co.jp,699,Tully's Coffee
cafe,blog.naver.com,669,쉬즈커피
cafe,ameblo.jp,636,パピル
cafe,megacoffee.me,399,메가MGC커피
cafe,gong-cha.co.kr,382,공차
cafe,saint-marc-hd.com,371,サンマルクカフェ
cafe,caffebene.co.kr,369,카페베네 속초대포항점
cafe,angelinus.co.kr,358,Angel-In-Us Coffee
cafe,hollys.co.kr,352,Hollys Coffee
cafe,c-united.co.jp,351,CAFÉ de CRIÉ
cafe,hoshinocoffee.com,269,星乃珈琲店
cafe,caffe-pascucci.co.kr,259,파스쿠찌
cafe,coffeebeankorea.com,252,The Coffee Bean & Tea Leaf
cafe,tomntoms.com,225,TOM N TOMS COFFEE
cafe,composecoffee.com,220,컴포즈커피
cafe,pronto.co.jp,216,エ プロント
cafe,yogerpresso.co.kr,214,요거프레소 태백점
cafe,instagram.com,199,cafe Lull Nakijin
cafe,paikdabang.com,192,빽다방
cafe,starbucks.com,190,Starbucks
cafe,gongcha.co.jp,146,Gong cha 貢茶
cafe,starbucks.com.cn,141,星巴克
cafe,mmthcoffee.com,138,매머드 익스프레스
cafe,r.goope.jp,130,就労継続支援B型事業所 us plus
cafe,cafe.naver.com,122,커피가게 One Table
cafe,baristapaulbassett.co.kr,107,Paul Bassett
cafe,store.starbucks.co.jp,101,Starbucks
cafe,geocities.jp,100,椰子並木
cafe,ginza-renoir.co.jp,99,喫茶室ルノアール
cafe,afternoon-tea.net,95,アフタヌーンティー・ティールーム 沖縄リウボウ
cafe,r.tabelog.com,92,幸澄璃舎(ことりや)
cafe,eng.caffebene.co.kr,89,Caffe Bene
cafe,coffee-bay.co.kr,83,COFFEE BAY
cafe,blog.livedoor.jp,83,布れ藍
cafe,dunkindonuts.co.kr,83,던킨도너츠 속초중앙점
cafe,ufs.co.jp,82,珈琲館渋川有馬店
cafe,kohikan.jp,78,珈琲館
cafe,cafedroptop.com,77,드롭탑 제주서귀포갤러리왈점
cafe,tabelog.com,77,cafe ゆっくる
cafe,ueshima-coffee-ten.jp,74,上島珈琲店
cafe,pokkacreate.co.jp,73,CAFÉ de CRIÉ
cafe,ranpu.co.jp,71,珈琲屋らんぷ 磐田店
cafe,italiantomato.co.jp,70,イタリアン・トマトカフェジュニア浦添バークレーズコート店
cafe,blog.goo.ne.jp,62,カフェ ビィエント
cafe,coffeelovecoffee.com,61,커피에반하다 강원원주단구점
cafe,nanasgreentea.com,61,nana's green tea イーアス沖縄豊崎3F店
cafe,foods.jr-cross.co.jp,60,BECK'S COFFEE SHOP 小田原店
cafe,topresso.com,59,신전떡볶이 강릉교동점
cafe,hollys-corp.jp,57,ホリーズカフェ
cafe,skylark.co.jp,54,むさしの森珈琲
cafe,banapresso.com,53,바나프레소
cafe,cityfood.co.kr,52,올레찜
cafe,eonet.ne.jp,51,カフェ こやま
cafe,twosome.co.kr:7009,51,A TWOSOME PLACE
cafe,r.gnavi.co.jp,50,海坊主
cafe,shop.doutor.co.jp,50,ドトールコーヒーショップ 那覇空港店
cafe,peraichi.com,49,Boulangerie Cafe Yamashita
cafe,cafe.daum.net,49,올레요커피
cafe,keycoffee.co.jp,47,キーコーヒー 西武小田原店
cafe,silviacoffee.ecgo.jp,47,支留比亜珈琲店 伊那店
cafe,ti-amo.co.kr,47,caffé TIAMO
cafe,towafood-net.co.jp,46,椿屋茶房 そごう千葉店
cafe,localplace.jp,45,古民家カフェ 茶ぁーやー
cafe,angelinus.com,43,Angel-in-us Coffee
cafe,naver.me,43,차리프
cafe,cafeartisee.com,43,artisée 아티제
cafe,tenpercentcoffee.com,43,텐퍼센트커피
cafe,coffeebanhada.com,42,커피에반하다 원주일산점
cafe,handscoffee.com,42,Hands Coffee
cafe,theborn.co.kr,42,빽다방 제주성산일출봉점
cafe,dalkomm.com,41,달콤커피 청주율량점
cafe,twosomeplace.co.kr,41,투썸플레이스
cafe,deandeluca.co.jp,40,DEAN & DELUCA
cafe,selfcafe.jp,40,セルフカフェ 浜松新橋店
cafe,segafredo.jp,39,セガフレード・ザネッティ・エスプレッソ 沖縄読谷店
cafe,homepage3.nifty.com,38,ロビンソン小屋
cafe,takakuramachi-coffee.co.jp,37,高倉町珈琲
cafe,blogs.yahoo.co.jp,37,iconoma
cafe,maxcafe.jp,35,マックスカフェ 掛川店
cafe,profile.ameba.jp,35,リカモカカフェ
cafe,shop.tullys.co.jp,34,Tully's COFFEE &TEA
cafe,cafe-commeca.co.jp,33,カフェコムサ 静岡伊勢丹店
cafe,siscoffee.com,33,슬립리스인시애틀 문경시청점
cafe,theventi.co.kr,32,The Venti
cafe,sulbing.com,32,설빙 경기이천창전동
cafe,yanaka-coffeeten.com,32,やなか珈琲店
cafe,cafecompany.co.jp,31,WIRED CAFE
cafe,thecaffe.co.kr,31,더카페
cafe,www7b.biglobe.ne.jp,31,菊や
cafe,lupicia.com,31,LUPICIA
cafe,gourmet.yahoo.co.jp,30,台湾茶屋
cafe,chatnoir-company.com,29,カフェ ベローチェ 小田原ダイヤ街店
cafe,sakaicoffee.jp,29,さかい珈琲神戸北店
cafe,coffine.co.kr,29,커핀그루나루홍천점
cafe,nespresso.com,29,ネスプレッソブティック 大丸札幌店
cafe,lit.link,28,Nutstown Coffee Roasters
cafe,terarosa.com,28,테라로사 서귀포점
cafe,coffeenie.co.kr,28,커피니 남춘천역점
cafe,oozycoffee.com,28,Oozy Coffee
cafe,pearllady.jp,27,パールレディ
cafe,seabest.co.jp,27,シアトルズベストコーヒーAPA八千代緑が丘店
cafe,edavinci.co.kr,27,카페다빈치
cafe,j47.jp,27,カフェレスト イソップ
cafe,store.bluebottlecoffee.jp,27,Blue Bottle Coffee
cafe,mmc-coffee.co.jp,27,ポールショップカフェ 小田原支店
cafe,aristacoffee.co.kr,27,아리스타커피전문점
cafe,blog.daum.net,26,Cafe La La La
cafe,motomachi-coffee.jp,26,元町珈琲浜松上新屋の離れ
cafe,marufukucoffeeten.com,26,丸福珈琲店
cafe,ne.jp,25,ベーカリーカフェ ブラッサム
cafe,beauty-park.jp,25,フロー
cafe,cafenescafe.co.kr,25,네스카페 가평터미널점
cafe,la-maison.jp,25,ラ・メゾン アンソレイユターブル 札幌ステラプレイス店
cafe,myungga.com,25,커피명가
cafe,ocha-igeta.co.jp,25,喜久水庵 泉高森本店
cafe,jrff.co.jp,24,Seattle's Best Coffee
cafe,bit.ly,24,모멘트커피
cafe,harbs.co.jp,24,HARBS
cafe,mangosix.co.kr,23,망고식스 동촌유원지점
cafe,sld-inc.com,23,カワラ カフェアンドキッチン 静岡
cafe,homepage2.nifty.com,22,チャペック西都店
cafe,miyakoshiya-coffee.co.jp,22,HIGH GROWN CAFE
cafe,jefb.co.jp,22,Tre Tatte
cafe,m.blog.naver.com,22,Breeze Flower
cafe,princehotels.co.jp,22,エクラスカフェ
cafe,foodplace.jp,22,Happy Color Doll
cafe,s.tabelog.com,22,やちむん喫茶 シーサー園
cafe,10000lab.com,22,만랩커피
cafe,bullpulu.com,22,Bull Pulu
cafe,catmocha.jp,21,猫カフェMOCHA 大阪心斎橋店
cafe,amasvin.com,21,아마스빈
cafe,www13.plala.or.jp,21,バターノート
cafe,prowstar.com,21,프라우스타 제주탑동점
cafe,fujiofood.com,21,ピノキオ 京都亀岡店
cafe,oc-ogawa.co.jp,21,小川珈琲クリエイツ和泉府中店
cafe,coffeebean.com,20,The Coffee Bean & Tea Leaf
cafe,cafe-eikokuya.jp,20,英國屋
cafe,shokokai.or.jp,20,ミクリ
cafe,kaldi.co.jp,20,カルディコーヒーファーム 神戸北店
cafe,morozoff.co.jp,20,カフェモロゾフ 川徳盛岡店
conv,sej.co.jp,22577,セブンイレブン 国頭辺土名店
conv,family.co.jp,16737,ファミリーマート 石垣新川シード店
conv,lawson.co.jp,9162,ローソン 名護大北店
conv,lawson.jp,4845,ローソン 国頭浜店
conv,gs25.gsretail.com,4175,GS25
conv,cu.bgfretail.com,3916,CU 설악 썬밸리점
conv,7-eleven.co.kr,2180,세븐일레븐
conv,bgfcu.com,2086,CU 인제천도리점
conv,ministop.co.jp,1943,ミニストップ 久慈田屋町店
conv,seicomart.co.jp,1190,セイコーマート 泊店
conv,daily-yamazaki.jp,1047,デイリーヤマザキ 田沢湖高原店
conv,ministop.co.kr,717,미니스톱양양남문점
conv,store100.lawson.co.jp,418,ローソンストア100 渋沢駅前店
conv,jr-cross.co.jp,327,NewDays 塩釜
conv,ltf.co.jp,304,ローソン・スリーエフ 小田原東栢山店
conv,lotteatm.co.kr,287,세븐일레븐 속초교동점
conv,emart24.co.kr,283,Emart24
conv,store.lawson.co.jp,246,ローソン 岩内泊店
conv,okinawa-familymart.jp,177,ファミリーマート 石垣浜崎二丁目店
conv,seria-group.com,149,セリア
conv,e-map.ne.jp,147,ローソン 名護辺野古店
conv,retail.jr-cross.co.jp,146,NewDays 一ノ関駅西口
conv,okinawa.lawson.jp,126,ローソン 名護瀬嵩店
conv,natural.lawson.co.jp,111,ローソン 佐世保田原町店
conv,poplar-cvs.co.jp,89,生活彩家 富山市役所店
conv,yamazakipan.co.jp,88,ヤマザキショップ 滝沢巣子店
conv,j-retail.jp,78,NewDays 気仙沼
conv,kiosk.co.jp,67,ベルマートキヨスク小田原
conv,365plus.homeplus.co.kr,66,365PLUS 이천신둔점
conv,gsretail.com,64,GS25 금호리조트주식회사제주점
conv,buytheway.co.kr,58,바이더웨이속초삼환점
conv,location.sevenbank.co.jp,56,セブン銀行ATM セブン-イレブン 小樽長橋店共同出張所
conv,as.chizumaru.com,50,ファミリーマート 石垣真喜良店
conv,jr-plus.co.jp,48,PLUSTA新富士
conv,nadle.kr,38,구엄25시편의점
conv,daisoglobal.com,34,ダイソー
conv,shop.jr-cross.co.jp,26,NewDays 盛岡22号
drug,welcia-yakkyoku.co.jp,1082,ウエルシア 加賀山代温泉店
drug,tsuruha.co.jp,1039,ツルハドラッグ 登川店
drug,cosmospc.co.jp,851,コスモス 山代温泉店
drug,cocokarafine.co.jp,788,ココカラファイン 宇栄原店
drug,stores.welcia.co.jp,762,ウエルシア 与謝野男山店
drug,matsukiyococokara-online.com,708,マツモトキヨシ
drug,sugi-net.jp,504,スギ薬局石川県庁前店
drug,matsukiyo.co.jp,480,マツモトキヨシ 喜友名店
drug,sundrug.co.jp,473,サンドラッグ 篠山店
drug,yakuodo.co.jp,439,薬王堂 佐野伊勢山店
drug,create-sd.co.jp,400,Cremo ヴェルミ大雄山店
drug,genky.co.jp,377,ゲンキー 山中店
drug,kusuri-aoki.co.jp,336,クスリのアオキ 藤江店
drug,qol-net.co.jp,291,ぴぃぷる薬局石嶺店
drug,seims.co.jp,229,ドラッグセイムス 開成宮台店
drug,kusurinofukutaro.co.jp,171,くすりの福太郎筑波学園店
drug,cawachi.co.jp,167,カワチ薬品清水鳥坂店
drug,satudora.jp,154,サツドラ 沖縄北谷アメリカンビレッジ店
drug,lady-drug.co.jp,153,くすりのレデイ 松柏店
drug,doramori.co.jp,150,ドラッグストアモリ 和泊店
drug,fujiyakuhin.co.jp,137,富士薬品金沢営業所
drug,vdrug.co.jp,126,V・ドラッグ 大聖寺店
drug,myph.jp,113,メグミ薬局
drug,wants.co.jp,103,ウォンツ 宇部沼一丁目店
drug,shop.tsuruha-g.com,80,Drug Eleven Kokusai-dori Shop
drug,welpark.jp,71,ウェルパーク 稲毛長沼店
drug,drugeleven.com,71,ドラッグイレブン 石垣店
drug,tomods.jp,68,トモズ 平塚ラスカ店
drug,sekiyakuhin.co.jp,68,セキ 本庄銀座店
drug,wellness-web.co.jp,65,ドラッグストアウェルネス 隠岐の島店
drug,kyorindo.co.jp,65,杏林堂 清水三保店
drug,daikokudrug.com,61,ダイコクドラッグ 国際通り県庁前店
drug,store.welcia.co.jp,60,ウエルシア 島田しずてつ東町店
drug,welcia.co.jp,58,ウエルシア薬局
drug,kusuri-aoki-shop-info.com,54,クスリのアオキ 粟崎店
drug,kokumin.co.jp,53,コクミン ペリエ海浜幕張駅店
drug,oliveyoung.co.kr,50,올리브영
drug,kamegaya.co.jp,50,Fit Care DEPOT 富岡西店
drug,d-yutaka.co.jp,46,ドラッグユタカ 東舞鶴駅前店
drug,happydrug.co.jp,46,ハッピー・ドラッグ 秋田泉北店
drug,zagzag.co.jp,40,ザグザグ 三原皆実店
drug,kirindo.co.jp,38,キリン堂 金沢松村店
drug,e-map.ne.jp,36,マツモトキヨシ おおな店
drug,yacs.jp,34,ヤックスドラッグ 鉾田店
drug,kirindo-shop.com,31,キリン堂 西舞鶴モール店
drug,bd-drug.com,30,B&D ドラッグストア 小牧西之島店
drug,marue-drug.co.jp,27,マルエドラッグ 渋川子持店
drug,ns.yakuodo.co.jp,27,薬王堂 岩泉店
drug,matsukiyococokara.com,27,マツモトキヨシ 平塚パールロード店
drug,sundrug-online.com,26,サンドラッグ 清水八千代店
drug,dgmp.jp,23,ドラッグイレブン 津嘉山店
drug,blog.naver.com,22,충북동물약국
drug,ainz-tulpe.jp,20,アインズ&トルペ琴似店
elec,softbank.jp,537,ソフトバンク名護
elec,blog.kitamura.jp,400,カメラのキタムラ 名護店
elec,au.com,389,auショップ ゆいゆい国頭
elec,docomo.ne.jp,364,ドコモショップ 美里公園前店
elec,nttdocomo.co.jp,258,ドコモショップ イオンモール沖縄ライカム店
elec,geo-online.co.jp,257,ゲオABLOうるま店
elec,kitamura.jp,170,カメラのキタムラ 西野店
elec,ymobile.jp,105,ワイモバイル石垣
elec,e-himart.co.kr,99,하이마트 김해내동점
elec,samsung.com,97,Samsung Brand Store
elec,lge.co.kr,87,LG전자베스트샵 진영점
elec,yamada-denki.jp,87,ヤマダ電機テックランド名寄店
elec,shop.smt.docomo.ne.jp,72,ドコモショップシーナシーナ福住店
elec,network.mobile.rakuten.co.jp,62,楽天モバイル イオンモール新利府南館店
elec,samsungsvc.co.kr,59,삼성전자서비스창원센터
elec,au.kddi.com,59,au Collection Lounge
elec,mb.softbank.jp,56,ソフトバンク 那覇沖映通り店
elec,ankerjapan.com,52,Anker Store
elec,janpara.co.jp,52,じゃんぱら 札幌店
elec,cs-ez2.au.kddi.com,47,auショップ 南平岸
elec,lgservice.co.kr,46,LG전자서비스센터 창원점
elec,pcdepot.co.jp,45,PC DEPOT SMART LIFE 盛岡本店
elec,blog.naver.com,44,부산대로전산
elec,etland.co.kr,38,전자랜드 속초점
elec,mts.ru,36,Салон-магазин МТС
elec,pc-koubou.jp,33,グッドウィル 北谷店
elec,nojima.co.jp,29,ノジマ でんわ館佐渡店
elec,teluru.jp,29,テルルパーク 前橋けやきウォーク店
elec,bellpark.co.jp,29,ソフトバンク 大森
elec,cuckoo.co.kr,25,쿠쿠홈시스 김해서비스센터
elec,uqwimax.jp,25,UQスポット 札幌大通店
elec,apple.com,25,Apple中街大悦城
elec,tworld.co.kr,24,SK텔레콤 레이스 중앙직영점
elec,sofmap.com,23,ソフマップ 仙台駅前店
elec,mobile.rakuten.co.jp,22,楽天モバイル
elec,dns-shop.ru,22,DNS
elec,biccamera.co.jp,21,BIC Apple正規サービスプロバイダ ビックカメラ浜松店
elec,geo-mobile.jp,20,ゲオモバイル浦添パルコシティ店
elec,samsungsales.co.kr,20,Samsung Store
elec,dospara.co.jp,20,ドスパラ 札幌店
fashion,shimamura.gr.jp,1082,しまむら 八重山店
fashion,uniqlo.com,821,ユニクロ
fashion,workman.co.jp,615,ワークマンプラス 北谷国体道路店
fashion,y-aoyama.jp,480,洋服の青山
fashion,aoki-style.com,464,AOKI
fashion,chiyodagrp.co.jp,400,東京靴流通センター 沖縄美里店
fashion,24028.jp,331,西松屋
fashion,biz.right-on.co.jp,293,Right-on
fashion,abc-mart.net,266,ABC-MART
fashion,24028.com,266,西松屋 美里店
fashion,muji.net,229,無印良品
fashion,gu-japan.com,208,GU
fashion,store.united-arrows.co.jp,207,ユナイテッドアローズ アウトレット 神戸三田店
fashion,nike.com,203,Nike
fashion,haruyama.jp,185,はるやま
fashion,muji.com,180,無印良品
fashion,dot-st.com,150,studio CLIP
fashion,mac-house.co.jp,142,マックハウス 那覇東バイパス店
fashion,blog.naver.com,141,3게이지
fashion,gu-global.com,139,GU
fashion,lbcmarket.jp,134,Sally's
fashion,tabio.com,124,靴下屋
fashion,hm.com,124,H&M
fashion,paseos.co.jp,117,パシオス 開成店
fashion,benetton.com,115,United Colors of Benetton
fashion,asbee.jp,105,ASBee fam.
fashion,store.ferragamo.com,100,Salvatore Ferragamo
fashion,gap.co.jp,99,GAP
fashion,ikka-online.com,93,Ikka
fashion,furla.com,88,フルラ 沖縄アウトレットモールあしびなー
fashion,ameblo.jp,87,Sweet Choice
fashion,konaka.co.jp,87,コナカ 小田原店
fashion,beams.co.jp,84,BEAMS Outlet
fashion,orihica.com,79,ORIHICA
fashion,fi-sanki.co.jp,78,サンキマルエー サンプラザ糸満店
fashion,on.gucci.com,77,グッチ DFS 那覇空港
fashion,honeys.co.jp,77,Honeys
fashion,cafe.daum.net,75,허브웨딩
fashion,zara.com,72,ZARA 沖縄PARCO CITY店
fashion,map.abc-mart.net,68,ABCマート
fashion,cafe.naver.com,66,아우토반키즈카 창원점
fashion,right-on.co.jp,65,Right-on
fashion,unionbay.co.kr,64,의류판매유니온베이가음정점
fashion,rakuten.co.jp,62,Ruby Tuesday
fashion,maxmara.com,59,Max Mara
fashion,stores.cartier.com,59,カルティエ ブティック Tギャラリア沖縄
fashion,suit-select.com,58,SUIT SELECT
fashion,tiffany.co.jp,57,Tiffany & Co.
fashion,bestibelli.co.kr,56,베스띠벨리 속초점
fashion,world.co.jp,55,passage mignon MIDORI長野店
fashion,tutuanna.jp,53,tutuanna
fashion,store.world.co.jp,53,TAKEO KIKUCHI by Nextdoor
fashion,perfect-s.com,51,P.S.FA
fashion,wego.jp,51,WEGO ららぽーと磐田店
fashion,stores.jtb.co.jp,51,JTBウエディングデスク浜松 （JTB 浜松店内）
fashion,graniph.com,50,グラニフ
fashion,globalwork.jp,50,GLOBAL WORK
fashion,balenciaga.com,49,BALENCIAGA
fashion,lacoste.jp,46,LACOSTE ららぽーと湘南平塚店
fashion,gelatopique.com,45,gelato pique 静岡パルシェ店
fashion,viki.co.kr,45,VIKI 비키 속초
fashion,konaka-jp.com,45,コナカ
fashion,www2.hm.com,44,H&M
fashion,ysl.com,44,Saint Laurent
fashion,moncler.com,44,Moncler
fashion,baycrews.jp,43,B.C STOCK
fashion,piaget.com,42,伯爵(市府恒隆广场店)
fashion,isabey.co.kr,42,이사베이 속초점
fashion,stripe-club.com,42,American Holic
fashion,crebig.com,42,큰옷크레빅 김해점
fashion,cache-cache.cn,41,CACHE CACHE(新民兴隆百货店)
fashion,goldwin.co.jp,41,THE NORTH FACE
fashion,abc-mart.com,41,ABC-MART OUTLET 藤枝店
fashion,beanpole.co.kr,41,빈폴 속초점
fashion,uniqlo.kr,41,UNIQLO
fashion,boutiques.valentino.com,40,VALENTINO(市府恒隆广场店)
fashion,swarovski.com,39,SWAROVSKI
fashion,diesel.co.jp,39,DIESEL OUTLET
fashion,regalshoes.jp,37,ETERNA藤枝店
fashion,bleubleuet.co.jp,36,Bleu Bleust CoCoLo新潟店
fashion,earth1999.jp,36,earth music&ecology
fashion,jp.drmartens.com,36,Dr. Martens
fashion,stussy.jp,36,Stussy Okinawa
fashion,tokyo-shirt.co.jp,36,BRICK HOUSE シャツ工房
fashion,united-arrows.co.jp,34,UNITED ARROWS Outlet 軽井沢店
fashion,regal.co.jp,34,リーガルファクトリーストア軽井沢
fashion,shipsltd.co.jp,34,SHIPS Outlet
fashion,store-kr.uniqlo.com,34,UNIQLO
fashion,basichouse.co.kr,34,베이직하우스 부산영도점
fashion,tsutsumi.co.jp,33,ジュエリーツツミ平塚店
fashion,agabang.com,33,전주이마트아가방
fashion,japan.tommy.com,33,トミー ヒルフィガー 三井アウトレットパーク 幕張
fashion,camper.com,32,CAMPER
fashion,follifollie.com,32,Folli Follie Store
fashion,online.tutuanna.jp,32,tutu anna GRANDE
fashion,ingni.com,32,INGNI
fashion,palcloset.jp,31,OLIVE des OLIVE
fashion,si.sw.co.kr,31,SI 씨 김해점
fashion,tasm.co.jp,30,タカハシ 伊勢原店
fashion,azul-m.com,30,AZUL by moussy イオンモール浜松志都呂
fashion,cox-online.co.jp,29,ikka
fashion,vancleefarpels.com,29,Van Cleef & Arpels 沖縄店
fashion,theclockhouse.jp,28,THE CLOCK HOUSE(ザ･クロックハウス) 厚木店
fashion,sieg.sw.co.kr,28,지이크 SIEG 롯데 창원
fashion,abcmart.co.kr,28,ABC마트
fashion,levi.co.kr,27,리바이스롯데백화점창원점
fashion,urdoors.com,27,URBAN RESEARCH DOORS
fashion,agete.com,27,アガット 梅田阪急
fashion,paulsmith.co.jp,27,ポールスミス 沖縄店
fashion,beauty-park.jp,27,コムサイズムらぽーる舞鶴店
fashion,nikoand.jp,27,niko and ...
fashion,greenbox.jp,27,グリーンボックス
fashion,japan.coach.com,26,コーチ 甲府岡島
fashion,stone-m.com,26,STONE MARKET イオンモール甲府昭和店
fashion,urban-research.co.jp,26,URBAN RESEARCH DOORS 札幌ステラプレイス店
fashion,giordano.co.kr,26,지오다노롯데백화점부산본점
fashion,bershka.com,26,Bershka
fashion,amiparis.com,25,AMI Paris - Alexandre Mattiussi
fashion,skoolooks.com,25,스쿨룩스 김해점
fashion,online.taka-q.jp,25,T/Q
fashion,coen.co.jp,24,coen
fashion,weekendmaxmara.com,24,Weekend Max Mara
fashion,tomorrowland.jp,24,TOMORROWLAND
fashion,levi.jp,23,LEVI’S FACTORY OUTLET
fashion,nttbj.itp.ne.jp,23,大坂屋
fashion,vence.jp,23,Vence
fashion,geocities.jp,23,キーストン制服店
fashion,ralphlauren.co.jp,23,Ralph Lauren
fashion,siegfahrenheit.co.kr,23,지크파렌하이트
fashion,intimissimi.com,23,Intimissimi
fashion,abc-mart.co.jp,23,ABC-MART 本厚木店
fashion,katespade.jp,23,kate spade new york
fashion,onitsukatiger.com,22,オニツカタイガー イオンモール幕張新都心店(Onitsuka Tiger)
fashion,vence-exchange.jp,22,Vence Exchange
fashion,exrkorea.com,22,EXR 롯데부산본점
fashion,jewel-cafe.jp,22,ジュエルカフェ イオンタウン豊見城店
fashion,zegna.jp,22,Ermenegildo Zegna Corner
fashion,amphi.jp,22,AMPHI deux 仙台パルコ店
fashion,stores.chaumet.com,22,Chaumet
fashion,akanoren-nagoya.co.jp,22,あかのれん 菊川店
fashion,rakuten.ne.jp,21,オーダースーツのフェローズ
fashion,taka-q.com,21,タカキュー ラザウォーク甲斐双葉店
fashion,adastria.co.jp,21,STUDIO CLIP イオン浜松市野
fashion,jeansmate.co.jp,21,ジーンズメイト大須店
fashion,hugoboss.com,21,HUGO BOSS
fashion,g-foot.jp,21,グリーンボックス 白河西郷店
fashion,keenfootwear.jp,21,KEEN
fashion,sakazen.co.jp,21,サカゼン 宇都宮店
fashion,orientaltraffic.com,20,WA ORiental TRaffic x 靴下屋
fashion,boutiques.fred.com,20,Shinsegae Gangnam Fred Boutique
fashion,ropepicnic.com,20,ROPÉ PICNIC
fashion,fo-kids.co.jp,20,après les cours(アプレ レ クール) イオンモールつくば店
fashion,ziozia.co.kr,20,캐주얼의류도매지오지아영등점
fashion,lacoste.com,20,LACOSTE
fashion,tokyo-derica.net,20,アマトーネアクセソリーオ アリオ深谷店
fashion,margarethowell.jp,20,Margaret Howell A.G.O.
florist,fujitv-flower.net,336,Flower shop ラパン
florist,eflora.co.jp,284,花の店コテージ
florist,blog.naver.com,203,키움난원
florist,aoyamaflowermarket.com,87,青山フラワーマーケット
florist,hibiyakadan.com,81,Hibiya-Kadan Style 本厚木ミロードイースト店
florist,blog.daum.net,34,플라워스토리
florist,cafe.daum.net,24,집안에화초하나
florist,nttbj.itp.ne.jp,22,伊差川園芸花店
florist,ameblo.jp,21,花 あ～と
florist,cafe.naver.com,21,해연플라워
gym,chocozap.jp,1197,chocoZAP 沖縄名護
gym,anytimefitness.co.jp,702,エニタイムフィットネス うるま石川店
gym,blog.naver.com,420,퍼스트 휘트니스
gym,cafe.naver.com,257,한국합기도
gym,cafe.daum.net,253,By Belly 벨리댄스 아카데미
gym,yoga-lava.com,111,ホットヨガスタジオLAVA アクロスプラザ古島駅前店
gym,curves.co.jp,105,カーブス北.谷
gym,information.konamisportsclub.jp,81,コナミスポーツクラブ 沖縄
gym,worldplus-gym.com,81,ワールドプラスジム豊岡店
gym,beauty-park.jp,80,Vitesse on bodies
gym,joyfit.jp,79,JOYFIT24イオンタウン豊見城
gym,central.co.jp,78,セントラルスポーツジムスタ 伊勢原駅前店
gym,curveskorea.co.kr,68,커브스 반송클럽
gym,club.cyworld.com,61,SMS댄스아카데미학원
gym,goldsgym.jp,60,GOLD'S GYM 前橋群馬
gym,fitplace.jp,51,FIT PLACE24 亀岡店
gym,tip.tipness.co.jp,37,ティップネス 浜松葵東店
gym,fastgym24.jp,33,FASTGYM24  根岸
gym,feelcycle.com,30,FEELCYCLE Sapporo
gym,kilong.co.kr,29,천하태권도장
gym,fit24.jp,29,FiT24 那覇古波蔵店
gym,jexer.jp,27,JEXER 東京ベイ海浜幕張
gym,dahnworld.com,27,단월드 마산센터
gym,s-re.jp,27,ジム&スタジオ ルネサンス白井24
gym,fit365.jp,27,FIT365前橋朝日
gym,b-concept.tokyo,25,BCONCEPT 札幌大通店
gym,lifefit.tech,25,LifeFit Hitachi-Ayukawa
gym,spoany.co.kr,23,스포애니 / SPOANY
gym,sportsoasis.co.jp,22,東急スポーツオアシス SMART本厚木店
gym,m.blog.naver.com,21,피티포유
gym,nas-club.co.jp,21,NAS 新潟
laundry,cleantopia.com,521,크린토피아 롯데마트창원중앙점
laundry,pony-cl.co.jp,331,ポニークリーニング イオンモール津田沼店
laundry,white-ex.co.jp,98,ホワイト急便 伊勢原中央通店
laundry,hakuyosha.co.jp,85,白洋舎 伊勢原店
laundry,honeytokyo.co.jp,69,クリーニング ハニー東京 志免店
laundry,usachan-shop.jp,23,うさちゃんクリーニング ベイシア大平モール店
laundry,blog.naver.com,22,월드크리닝세탁편의점
laundry,carnival.ne.jp,21,カーニバルクリーニング 南森町店
pharmacy,tsuruha.co.jp,250,ツルハドラッグ 倶知安店
pharmacy,sugi-net.jp,249,スギ薬局南富山店
pharmacy,nicho.co.jp,237,日本調剤 中部薬局
pharmacy,cocokarafine.co.jp,228,ココカラファイン 平和通り中央店
pharmacy,stores.welcia.co.jp,198,ハッピードラッグ 二戸店
pharmacy,myph.jp,150,はーぶ薬局
pharmacy,create-sd.co.jp,131,クリエイトSD 開成町店
pharmacy,matsukiyo.co.jp,127,マツモトキヨシ 経塚シティ店
pharmacy,ainj.co.jp,122,アイン薬局 知花店
pharmacy,matsukiyococokara-online.com,113,マツモトキヨシ 調剤薬局 秦野駅前南口店
pharmacy,kraft-net.co.jp,97,さくら薬局 札幌菊水店
pharmacy,welcia-yakkyoku.co.jp,94,ウエルシア岩沼中央店 (調剤薬局)
pharmacy,qol-net.co.jp,84,くまさん調剤薬局
pharmacy,wants.co.jp,82,ウォンツ 宇部東見初店
pharmacy,kusuri-aoki.co.jp,68,クスリのアオキ 新発田豊町店
pharmacy,yacs.jp,68,ヤックスドラッグ
pharmacy,sundrug.co.jp,64,サンドラッグ 西岡調剤薬局
pharmacy,fujiyakuhin.co.jp,63,ドラッグセイムス 鶴岡大山店
pharmacy,cosmospc.co.jp,61,ドラッグフジイ 小杉店
pharmacy,e-classa.net,59,きのけん薬局
pharmacy,vdrug.co.jp,57,V・drug 戸出店
pharmacy,nanohana-ph.jp,50,なの花薬局小樽花園店
pharmacy,seims.co.jp,49,ドラッグセイムス 酒田こがね店
pharmacy,aisei.co.jp,46,アイセイ薬局 明石台店
pharmacy,kusurinofukutaro.co.jp,45,くすりの福太郎 NTメディカルモール店
pharmacy,kokumin.co.jp,45,コクミンドラッグ 水戸店
pharmacy,lady-drug.co.jp,44,くすりのレデイ 大洲店
pharmacy,tomods.jp,42,トモズ 磯子店
pharmacy,daikokudrug.com,40,ダイコクドラッグ 小禄駅前店
pharmacy,kusurinomadoguchi.com,39,トライ薬局
pharmacy,yakuju.co.jp,38,薬樹薬局 とくのぶ
pharmacy,doramori.co.jp,37,ドラッグストア モリ 名護東江店
pharmacy,drugeleven.com,36,ドラッグイレブン 名護店
pharmacy,hikari-pharmacy.co.jp,35,ひかり薬局大崎市民病院前
pharmacy,zagzag.co.jp,34,ザグザグ 福山多治米店
pharmacy,sekiyakuhin.co.jp,34,ドラッグストア セキ つきのわ店
pharmacy,kirindo.co.jp,33,キリン堂 新神田店
pharmacy,ohga-ph.com,33,大賀薬局 須恵店
pharmacy,d-yutaka.co.jp,30,ドラッグユタカ 亀岡中央店
pharmacy,pharmarise.com,29,パルク調剤薬局
pharmacy,kamei.co.jp,29,カメイ調剤薬局 気仙沼店
pharmacy,mdx-yakuzaishi.co.jp,27,しんわ薬局 平塚店
pharmacy,cawachi.co.jp,27,カワチ薬品 寒河江店
pharmacy,drug39.co.jp,26,サンキュードラッグ 東門司薬局
pharmacy,aeonretail.jp,26,イオン薬局盛岡店
pharmacy,wellness-web.co.jp,26,ウェルネス 西郷店
pharmacy,unismile.co.jp,25,ユニスマイル薬局 新札幌店
pharmacy,phmirai.co.jp,24,共創未来 みずほ台薬局
pharmacy,jmsys.co.jp,23,薬局ナチュラル・メディクス 仙台青葉店
pharmacy,store.aisei.co.jp,23,アイセイ薬局 八乙女駅前店
pharmacy,genky.co.jp,22,ゲンキー 押野北店
pharmacy,sogo-medical.co.jp,22,そうごう薬局 札幌平岸店
pharmacy,drug-sugi.co.jp,21,スギ薬局 池田店
pharmacy,godai.net,21,ゴダイドラッグ 浜坂店
pharmacy,sugiyama-club.jp,21,ドラッグスギヤマ 古知野店
restaurant,cityfood.co.kr,3129,백담푸줏간
restaurant,mcdonalds.co.jp,2875,マクドナルド 石垣島店
restaurant,blog.naver.com,2856,정암토종닭집
restaurant,hottomotto.com,2626,ほっともっと新栄店
restaurant,skylark.co.jp,2166,ガスト 名護店
restaurant,sukiya.jp,1944,すき家 390号石垣真栄里店
restaurant,itvplus.co.kr,1911,유리집식당
restaurant,matsuyafoods.co.jp,1446,松屋
restaurant,ameblo.jp,1390,カフェ ジ・トゥディ
restaurant,ichibanya.co.jp,1230,CoCo壱番屋
restaurant,pelicana.co.kr,1227,페리카나 교암점
restaurant,kfc.co.jp,1161,ケンタッキーフライドチキン 石垣店
restaurant,r.gnavi.co.jp,1144,魚民 泡瀬店
restaurant,bbq.co.kr,1078,BBQ 강원양양점
restaurant,lotteria.com,1071,Lotteria
restaurant,saizeriya.co.jp,1059,サイゼリヤ
restaurant,yoshinoya.com,1048,吉野家 名護バイパス店
restaurant,mos.jp,1044,モスバーガー 石垣真栄里店
restaurant,dominos.jp,948,ドミノ・ピザ 石垣店
restaurant,kyochon.com,688,교촌치킨(양양점)
restaurant,hitosara.com,679,幸せ焼肉　紬
restaurant,toreore.com,678,또래오래
restaurant,tudari.co.kr,666,투다리 광장점
restaurant,cheogajip.co.kr,649,처갓집양념통닭 천도리점
restaurant,akindo-sushiro.co.jp,642,スシロー
restaurant,joyfull.co.jp,626,ジョイフル 徳之島店
restaurant,goobne.co.kr,623,굽네치킨 삼포점
restaurant,ohsho.co.jp,616,餃子の王将金沢東店
restaurant,nenechicken.com,614,네네치킨
restaurant,tabelog.com,579,琉球割烹ダイニング 司
restaurant,momstouch.co.kr,573,맘스터치
restaurant,cocos-jpn.co.jp,536,ココス
restaurant,cafe.naver.com,536,미래에프앤디
restaurant,nolboo.co.kr,530,놀부보쌈
restaurant,gyukaku.ne.jp,521,牛角名護店
restaurant,pizzahut.jp,513,ピザハット 具志川メインシティ店
restaurant,arclandservice.co.jp,511,からあげ縁 セリオ西神南店
restaurant,stores.yoshinoya.com,509,吉野家 那覇東バイパス国場店
restaurant,stores.gindaco.com,499,築地銀だこ
restaurant,hama-sushi.co.jp,491,はま寿司 名護店
restaurant,ringerhut.jp,482,リンガーハット イオン具志川店
restaurant,bonjuk.co.kr,477,본죽 제주서귀포점
restaurant,geocities.jp,462,十兵衛
restaurant,mcdonalds.co.kr,460,맥도날드
restaurant,pizza-la.co.jp,460,ピザーラ
restaurant,hidakaya.hiday.co.jp,459,焼鳥日高 小田原店
restaurant,r.goope.jp,442,TeeDa OKINAWAN Kitchen&Bar
restaurant,bhc.co.kr,429,BHC치킨
restaurant,gourmet.yahoo.co.jp,428,郷土料理 磯
restaurant,jp.marugame.com,425,丸亀製麺 沖縄美里店
restaurant,cafekorea.com,404,왕부
restaurant,hanamaruudon.com,404,はなまるうどん
restaurant,daikichi.co.jp,401,やきとり大吉浦添店
restaurant,pizzaschool.net,399,피자스쿨
restaurant,hsd.co.kr,398,한솥도시락청학점
restaurant,nakau.co.jp,396,なか卯 加賀小菅波店
restaurant,savorjapan.com,384,ISHIGAKI BOLD KITCHEN
restaurant,yayoiken.com,384,やよい軒
restaurant,dominos.co.kr,379,도미노피자
restaurant,honkekamadoya.co.jp,366,本家かまどや 金沢駅西店
restaurant,saint-marc-hd.com,363,ベーカリーレストラン バケット イオンモール沖縄ライカム店
restaurant,localplace.jp,362,郷土料理 琉球の爺
restaurant,toshu.co.jp,359,オリジン弁当 小田原店
restaurant,burgerking.co.kr,353,Burger King
restaurant,mexicana.co.kr,349,멕시카나치킨 화북점
restaurant,mexican.co.kr,348,멕시칸치킨
restaurant,bonif.co.kr,341,본죽&비빔밥cafe
restaurant,bikkuri-donkey.com,339,びっくりドンキー コザ松本店
restaurant,burgerking.co.jp,337,バーガーキング
restaurant,cafe.daum.net,323,그리운 보리밥
restaurant,dennys.jp,321,デニーズ
restaurant,app.catchtable.co.kr,318,색달식당 순살갈치조림
restaurant,r.tabelog.com,317,パポイヤ
restaurant,yakiniku-king.jp,315,焼肉きんぐ 沖縄美里店
restaurant,ootoya.com,312,大戸屋ごはん処 石垣島店
restaurant,blog.kbmyshop.com,310,홍두깨식당
restaurant,kushi-tanaka.com,299,串カツ田中 久茂地店
restaurant,osaka-ohsho.com,299,大阪王将具志川メインシティ店
restaurant,marugame-seimen.com,287,丸亀製麺 北谷店
restaurant,pizzamaru.co.kr,276,피자마루 이천송정점
restaurant,kyotaru.co.jp,276,京樽小田原駅ビルラスカ店
restaurant,gourmet-kineya.co.jp,273,サンドウィッチハウス グルメ
restaurant,jolly-pasta.co.jp,272,ジョリーパスタ 北谷店
restaurant,mos.co.jp,269,モスバーガー
restaurant,stores.kourakuen.co.jp,269,幸楽苑
restaurant,instagram.com,268,うどん飩棒
restaurant,pizzahut.co.kr,267,피자헛 속초교동점
restaurant,kiwa-group.co.jp,265,胡同DELI
restaurant,bossam.co.kr,264,원할머니보쌈
restaurant,mrpizza.co.kr,264,미스터피자 속초점
restaurant,sasafune.co.jp,264,まぁ〜さん海鮮 丼丸 前原店
restaurant,hokkahokka-tei.jp,263,ほっかほっか亭 山代店
restaurant,kura-corpo.co.jp,259,くら寿司沖縄名護店
restaurant,pizzaetang.com,258,피자에땅 서귀포점
restaurant,onyasai.com,256,しゃぶしゃぶ温野菜 フォレストモールナゴ店
restaurant,kurasushi.co.jp,252,くら寿司
restaurant,mexicanchicken.co.kr,250,멕시칸치킨 내촌점
restaurant,rairaitei.co.jp,246,来来亭南新保店
restaurant,9922.co.kr,241,호식이두마리치킨
restaurant,yescall.com,238,로뎀갈비산채세상
restaurant,pusanfood.com,235,생원전복
restaurant,kozosushi.co.jp,232,小僧寿し 有野店
restaurant,namuya.co.kr,230,국수나무 동해점
restaurant,sugakico.co.jp,229,スガキヤ
restaurant,nttbj.itp.ne.jp,228,海人料理海邦丸
restaurant,hoolala.co.kr,227,훌랄라참숯바베큐치킨 포남1점
restaurant,gimgane.co.kr,221,김가네 제주탑동점
restaurant,kfckorea.com,220,KFC
restaurant,jukstory.com,220,죽이야기 조양점
restaurant,misoya.co.kr,216,미소야 동해점
restaurant,yomenya-goemon.com,212,洋麺屋 五右衛門 神戸西店
restaurant,mochikichi.co.jp,210,もち吉 小田原店
restaurant,kappasushi.jp,209,かっぱ寿司東舞鶴店
restaurant,wako-group.co.jp,207,和幸 イオンモール神戸北店
restaurant,subway.co.jp,207,Subway
restaurant,s.tabelog.com,206,たんぽぽ
restaurant,syodai-marugen.jp,206,丸源ラーメン 沖縄美里店
restaurant,boor.co.kr,197,부어치킨조양점
restaurant,locations.royalhost.jp,197,ロイヤルホスト 小田原店
restaurant,tenkaippin.co.jp,194,天下一品 北谷店
restaurant,fujiofood.com,194,神戸有野食堂
restaurant,ikinaristeak.com,192,いきなり!ステーキ
restaurant,ginsara.jp,192,銀のさら厚木伊勢原店
restaurant,yamaokaya.com,192,ラーメン山岡家
restaurant,bigboyjapan.co.jp,191,BigBoy
restaurant,blog.daum.net,189,동쪽바다세꼬시
restaurant,kobongmin.com,186,고봉민김밥인
restaurant,shokudo.jp,183,まいどおおきに ライカム食堂
restaurant,yudetaro.jp,179,ゆで太郎小田原飯泉店
restaurant,chiyoda-sushi.co.jp,179,ちよだ鮨イオン秦野ショッピングセンター店
restaurant,sagami.co.jp,176,和食麺処サガミ 伊勢原店
restaurant,pepperlunch.com,176,ペッパーランチ
restaurant,cknia.com,174,치킨매니아 평창한화리조트점
restaurant,myashley.co.kr,174,애슐리 설악비치점
restaurant,blog.livedoor.jp,173,三津屋妹尾
restaurant,genkisushi.co.jp,171,魚べい 三田ウッディタウン店
restaurant,kagetsu.co.jp,168,らあめん花月嵐名護バイパス店
restaurant,pncg.co.kr,168,피자나라치킨공주 속초점
restaurant,store-info.skylark.co.jp,167,ガスト うるま店
restaurant,vons.or.kr,166,본스치킨
restaurant,subway.co.kr,166,Subway
restaurant,kourakuen.co.jp,165,幸楽苑秦野曽屋店
restaurant,shop-west.jp,164,生そば あずま 高崎店
restaurant,kfc.com.cn,164,KFC 肯德基
restaurant,foodplace.jp,161,和創作懐石MaSa好
restaurant,ghf.co.jp,159,さぼてん ラスカ小田原店
restaurant,j47.jp,159,そば処くるまや 中津川店
restaurant,tenya.co.jp,159,天丼てんや
restaurant,yukimatsugyoza.com,155,餃子の雪松 鶴巻温泉店
restaurant,22chicken.co.kr,153,둘둘치킨 고한사북점
restaurant,bronco.co.jp,152,ブロンコビリー 三田けやきプラザ店
restaurant,eonet.ne.jp,151,よの木そば
restaurant,akakara.jp,150,赤から 三田店
restaurant,freshnessburger.co.jp,149,フレッシュネスバーガー
restaurant,bit.ly,148,知久屋 静岡敷地店
restaurant,isaac-toast.co.kr,148,이삭토스트칠성로점
restaurant,chickenmaru.co.kr,145,치킨마루
restaurant,misoya.net,145,麺場田所商店三田店
restaurant,bodram.com,144,보드람치킨하복대점
restaurant,sato-res.com,144,和食さと 西舞鶴モール店
restaurant,subwaykorea.co.kr,144,Subway
restaurant,peraichi.com,143,食堂まんじろう
restaurant,yamada-udon.co.jp,142,山田うどん食堂
restaurant,kakiyasuhonten.co.jp,140,柿安口福堂イオンタウン富士南店
restaurant,kiyoken.com,140,崎陽軒 ラスカ店
restaurant,homepage2.nifty.com,139,カフェ・ド・ロレーヌ
restaurant,pizza-maru.co.kr,139,피자마루 강원도삼척점
restaurant,kairikiya.co.jp,139,ラーメン 魁力屋北谷店
restaurant,torikizoku.co.jp,138,鳥貴族 岡場店
restaurant,codd.co.kr,136,땅땅치킨 태성로점
restaurant,shokokai.or.jp,136,かみやま
restaurant,outback.co.kr,134,Outback Steakhouse
restaurant,hansdeli.com,132,한스델리 속초점
restaurant,zetteria.jp,131,ゼッテリア
restaurant,nilax.jp,131,ザ ブッフェダイナー 神戸北
restaurant,bongousse.net,130,봉구스밥버거 무촌점
restaurant,bedal114.co.kr,128,장충동왕족발보쌈율량점
restaurant,1588-3300.co.kr,125,장충동왕족발 강릉점
restaurant,kurumayaramen.co.jp,125,くるまやラーメン 諸江店
restaurant,hotsun.co.kr,125,핫썬치킨 애막골점
restaurant,kazokutei.co.jp,123,家族亭 西神中央店
restaurant,jomaru.co.kr,123,조마루뼈다귀 노형점
restaurant,blog.goo.ne.jp,120,ライオンミドリ
restaurant,kisoji.co.jp,120,木曽路浜松柳通店
restaurant,shinjuku-saboten.com,118,とんかつ新宿 さぼてん
restaurant,newmaul.com,118,새마을식당 제주시청점
restaurant,tochinavi.net,118,峯の茶屋
restaurant,stores.marugame-seimen.com,118,丸亀製麺
restaurant,naver.me,117,사랑대게
restaurant,yongwoodong.co.kr,116,용우동 서귀포점
restaurant,gyushige.com,116,牛繁 本厚木店
restaurant,monteroza.co.jp,116,濱焼北海道魚萬 おもろまち駅前店
restaurant,homepage3.nifty.com,113,桜や
restaurant,dandadan.jp,113,肉汁餃子のダンダダン
restaurant,dohtonbori.co.jp,112,道とん堀
restaurant,hachiban.jp,111,8番らーめん 本店
restaurant,create-restaurants.co.jp,110,うな濱
restaurant,nihonichi.jp,110,日本一 イオン秦野店
restaurant,re-marumatu.co.jp,109,まるまつ
restaurant,kkanbu.co.kr,109,깐부치킨 kkanbu chicken
restaurant,ggyao.usen.com,109,鉄板焼×ダイニング かのん
restaurant,mcdonalds.com.cn,109,McDonald's (麦当劳)
restaurant,map.mcdonalds.co.jp,109,マクドナルド イオン亀岡店
restaurant,nihontei.co.jp,109,田吾作小野上店
restaurant,locoplace.jp,108,南来実（なんくるみ～）
restaurant,oppadak.co.kr,106,오븐에빠진닭 제주일도점
restaurant,gcova.co.kr,106,지코바치킨 명륜점
restaurant,sutadonya.com,105,伝説のすた丼屋
restaurant,hotpepper.jp,105,WinWin
restaurant,tonden.co.jp,105,とんでん
restaurant,gatten.co.jp,104,がってん寿司
restaurant,princehotels.co.jp,104,中国料理滄
restaurant,365food.com,103,토담송어횟집
restaurant,mansyu.co.jp,103,ぎょうざの満洲
restaurant,amiyakitei.co.jp,102,元祖やきとり家 美濃路 浜松領家店
restaurant,miya.com,102,ステーキ宮
restaurant,dohtonbori.com,102,道とん堀
restaurant,unagi-naruse.com,102,鰻の成瀬 兵庫三田店
restaurant,sukesanudon.com,101,資さんうどん 国府津店
restaurant,giraud.co.jp,101,マンマパスタ 本厚木店
restaurant,maruhandining.co.jp,101,ごはんどき 加賀店
restaurant,hirai-wa.com,100,おべんとうのヒライ 球磨錦町店
restaurant,foods.jr-cross.co.jp,100,いろり庵きらく
restaurant,odinni.com,100,금호가든
restaurant,fujisoba.co.jp,100,富士そば 本厚木店
restaurant,ippudo.com,99,一風堂
restaurant,seoraester.co.kr,99,서래갈매기 강원대점
restaurant,zundouya.com,98,ラー麺ずんどう屋 金沢駅西本町店
restaurant,www7b.biglobe.ne.jp,97,なみじ
restaurant,shabu-yuzuan.jp,97,ゆず庵 神戸小束山店
restaurant,addal.co.kr,97,아딸 태백점
restaurant,anan.fuji-tatsu.co.jp,97,安安
restaurant,mapo92.com,96,신마포갈매기포남점
restaurant,yakiniku.jp,96,肉匠坂井福知山店
restaurant,idasarang.com,96,다사랑치킨피자
restaurant,aquadina.com,95,麺や 菊壱
restaurant,hamazushi.com,95,はま寿司 うるま石川店
restaurant,yamagoya.co.jp,95,九州筑豊ラーメン山小屋 開成店
restaurant,aichi.j47.jp,94,ししや
restaurant,dan-b.com,94,そば処風
restaurant,cobaco.com,94,코바코서귀포점
restaurant,meshiya.co.jp,94,めしや食堂 西宮北店
restaurant,gyudong.com,93,오니기리와이규동 제주중앙로점
restaurant,bashamichi.co.jp,93,黒塀屋 本庄店
restaurant,shinsegaefood.com,93,Johnny Rockets Handcrafted Burger (조니로켓츠)
restaurant,chaesundang.co.kr,93,채선당
restaurant,pkg.navitime.co.jp,92,松屋・松のや 藤枝築地店
restaurant,nadle.kr,92,오라슈퍼
restaurant,blogs.yahoo.co.jp,92,ステーキ工房 シェーヌ
restaurant,brand.chaesundang.co.kr,91,채선당 제주점
restaurant,mythunder.co.kr,90,썬더치킨
restaurant,kushi-ya.com,90,串家物語
restaurant,kappa-create.co.jp,90,かっぱ寿司
restaurant,capricciosa.com,89,カプリチョーザ 天久店
restaurant,yupdduk.com,89,동대문엽기떡볶이
restaurant,anrakutei.co.jp,89,安楽亭厚木船子店
restaurant,takoyaki.co.jp,89,じゃんぼ総本店 エミフルMASAKI店
restaurant,choushimaru.co.jp,89,すし銚子丸
restaurant,nis-torisho.com,88,鶏笑 舞鶴店
restaurant,sp.raqmo.com,88,石亭
restaurant,via-hd.co.jp,88,備長扇屋 金沢県庁前店
restaurant,pierthirty.co.jp,87,五穀
restaurant,pomunoki.com,87,ポムの樹 イオン三田ウッディタウン店
restaurant,gindaco.com,87,築地銀だこ
restaurant,tomato-a.co.jp,87,トマト&オニオン 那覇安岡店
restaurant,sato-restaurant-systems.co.jp,85,和食さと 亀岡店
restaurant,popeyes.co.kr,85,파파이스 속초이마트점
restaurant,akiyoshi.co.jp,85,秋吉 大聖寺店
restaurant,atom-corp.co.jp,84,カルビ大将
restaurant,kamukura.co.jp,84,どうとんぼり神座
restaurant,pizzabingo.co.kr,84,피자빙고신음점
restaurant,ichikakuya.com,83,壱角家
restaurant,hokkahokkatei.co.jp,83,ほっかほっか亭甲府和戸店
restaurant,jawsfood.co.kr,83,죠스떡볶이
restaurant,ggmi.co.kr,83,지짐이 삼척점
restaurant,eak-ramen.jp,81,町田商店鴨宮店
restaurant,duria.co.kr,81,두리아치킨 이천점
restaurant,ne.jp,81,そば・茶処家庭料理 やぎや
restaurant,cyworld.com,81,소당골
restaurant,phomein.com,81,포메인 마석점
restaurant,tokumasa.net,81,得正美作店
restaurant,hochicken.co.kr,81,호치킨하우스 수원권선점
restaurant,yesjuk.com,80,맛깔참죽 제주한라병원점
restaurant,kamatora.jp,80,釜寅甲府南店
restaurant,ichiran.com,79,一蘭
restaurant,pizzaalvolo.co.kr,79,피자알볼로
restaurant,lotteeatz.com,78,롯데리아
restaurant,jangmonim.co.kr,77,장모님치킨 봉곡점
restaurant,tokyo-aburasoba.com,77,東京油組総本店
restaurant,hinoya.jp,77,日乃屋カレー
restaurant,popolamama.com,76,和ぱすた ぽぽらまーま
restaurant,aeon.jp,76,とりから一番
restaurant,tiba.co.kr,76,티바두마리치킨 오창점
restaurant,gamaro.co.kr,76,가마로강정 제주연동점
restaurant,gogocurry.com,76,ゴーゴーカレー 金沢県庁前スタジアム
restaurant,yoogane.co.kr,75,유가네닭갈비 충주점
restaurant,rikyu-gyutan.co.jp,75,利久食堂 ジ アウトレット湘南平塚店
restaurant,bulloman.com,75,불로만숯불바베큐
restaurant,imsilcheesepizza.com,74,지정환임실치즈피자 삼양화북점
restaurant,theborn.co.kr,74,원조쌈밥집 춘천석사점
restaurant,gamjatang.co.kr,74,행복추풍령감자탕묵은지 삼척점
restaurant,hanudong.co.kr,73,한우동 삼척점
restaurant,stores.ippudo.com,73,IPPUDO Okinawa PARCO CITY
restaurant,ebisu-toraji.com,73,焼肉トラジ
restaurant,karamenya-masumoto.com,73,辛麺屋 桝元 イオンモール沖縄ライカム店
restaurant,yakiniku-futago.com,73,大阪焼肉・ホルモン ふたご 甲府駅前店
restaurant,dynac-japan.com,72,イタリア食堂 ポルチェリーノ
restaurant,jojoen.co.jp,72,叙々苑
restaurant,dd-holdings.jp,71,わらやき屋
restaurant,rockfield.co.jp,71,グリーングルメ ラスカ平塚店
restaurant,pji.co.kr,71,PAPA JOHN’S Pizza
restaurant,caffebene.co.kr,71,카페베네 낙산사점
restaurant,search.daisyo.co.jp,71,大衆食堂定食のまる大静岡北口店
restaurant,chickenbaengi.com,71,치킨뱅이
restaurant,59pizza.co.kr,70,59피자 춘천퇴계점
restaurant,y-smile.co.jp,70,やきとり家 すみれ 清水店
restaurant,yakiniku-like.com,70,焼肉ライク
restaurant,nre.co.jp,70,駅弁屋 和
restaurant,kitchen-origin.toshu.co.jp,70,オリジン弁当 検見川浜店
restaurant,sumamoba.com,69,魚でごはん 海広
restaurant,명랑시대협동조합.com,69,명랑핫도그 성서점
restaurant,fishngrill.net,69,피쉬앤그릴 제주노형점
restaurant,dondon.co.jp,69,お弁当 どんどん 恩名店
restaurant,aeoneaheart.co.jp,68,ハーブ&スパイス イオン神戸北店
restaurant,tettiri.com,68,玄品ふぐ 那覇國際通里の関
restaurant,donchicken.co.kr,68,돈치킨중문점
restaurant,syndromeoc.com,68,치킨신드롬 용산점
restaurant,karayama.com,68,からやま
restaurant,aji1000.co.jp,68,味千ラーメン 浜岡店
restaurant,movia.jpn.com,68,備長扇屋 SBS通り店
restaurant,osietesite.com,68,cafe du pin
restaurant,maps.nakau.co.jp,67,なか卯取手店
restaurant,www6.ocn.ne.jp,67,バーガーシティ
restaurant,umenohana.co.jp,67,梅の花 金沢店
restaurant,ivips.co.kr,67,빕스 제주연동점
restaurant,www1.ocn.ne.jp,67,ペルー料理 ラ・カバニャ
restaurant,bongchu.com,67,봉추찜닭 충북오창점
restaurant,kagonoya.food-kr.com,67,かごの屋三田ウッディタウン店
restaurant,salvatore.jp,67,SALVATORE CUOMO & BAR 千葉
restaurant,imsilpizza.com,67,임실치즈피자 신제주점
restaurant,goo.gl,67,ステーキハウス・ピッツバーグ・フォーラム
restaurant,byo.co.jp,67,おぼんdeごはん
restaurant,soup-stock-tokyo.com,66,Soup Stock Tokyo
restaurant,asakuma.co.jp,66,ステーキのあさくま
restaurant,makotofood.co.jp,66,牛骨醤油ラーメンまこと屋 南風原店
restaurant,profile.ameba.jp,65,疾風ホルモン 前島店
restaurant,chimney.co.jp,65,さかなや道場
restaurant,anrakutei.jp,65,安楽亭
restaurant,www5.ocn.ne.jp,65,レストラン なりさ
restaurant,gyukatsu-kyotokatsugyu.com,65,京都勝牛
restaurant,foodsidae.com,64,평강막국수
restaurant,www4.ocn.ne.jp,64,さーふーふー
restaurant,jukusei-ichiban.jp,63,焼肉倶楽部いちばん 三田店
restaurant,babyface-planets.com,63,ベビーフェイスプラネッツ
restaurant,pizzahut.com.cn,63,Pizza Hut 必胜客
restaurant,fuji-tatsu.co.jp,62,安安うるま店
restaurant,royalhost.jp,62,ロイヤルホスト
restaurant,seogaandcook.com,62,서가앤쿡
restaurant,ban-nai.com,62,喜多方ラーメン坂内東部町店
restaurant,unine.co.kr,62,유나인 법원점
restaurant,k-mitsuwa.co.jp,62,小諸そば
restaurant,four-seeds.co.jp,62,宮武讃岐製麺所
restaurant,551horai.co.jp,62,551蓬莱
restaurant,hyundaiok.com,61,현대옥
restaurant,bandotaro.co.jp,61,かつ太郎
restaurant,mai-sen.com,61,とんかつ まい泉
restaurant,sukbong.com,61,석봉토스트 봉화점
restaurant,byungchun-soondae.co.kr,61,병천황토방순대 교동택지점
restaurant,yapparigroup.jp,61,やっぱりステーキ 石垣店
restaurant,fgarden.co.jp,60,フライングガーデン 高崎上小塙店
restaurant,w-holdings.co.jp,60,伊芸サービスエリアレストラン 上り線
restaurant,one-karubi.1dining.co.jp,60,ワンカルビ 有野店
restaurant,chojiro.jp,59,にぎり長次郎亀岡店
restaurant,cheebar.com,59,취하는건바다 원주단관점
restaurant,www2.ocn.ne.jp,59,じゃんじゃん(Jan Jan)
restaurant,tbbc.co.kr,59,코리안바베큐교동점
restaurant,furaibou.com,59,風来坊 仙台国分町店
restaurant,kimuchikan.co.jp,59,韓美膳DELI
restaurant,kandon.jp,59,韓丼 浜松住吉店
restaurant,j-horumon.com,59,舞鶴酒場情熱ホルモン
restaurant,sho-ya.co.jp,59,庄屋 小ケ倉店
restaurant,cyp-jp.com,58,伊吹や製麺 イオンモール須坂店
restaurant,steak-don.jp,58,ステーキのどん
restaurant,m.place.naver.com,58,오복식당
restaurant,list.tabiiro.jp,58,本家 亀そば 港町本店
restaurant,sanwa-grp.co.jp,58,鶏三和
restaurant,shizuoka.j47.jp,57,助六
restaurant,mzkor.com,57,장작더미
restaurant,www3.ocn.ne.jp,57,森のレストラン
restaurant,gankofood.co.jp,57,がんこ 京都 亀岡 楽々荘
restaurant,at-ml.jp,56,ミルベッソ
restaurant,daisyo.co.jp,56,庄や 静岡南口店
restaurant,joins21.com,56,설화가든
restaurant,ajino-mingei.co.jp,56,味の民芸小田原店
restaurant,taiyaki.co.jp,56,鳴門鯛焼本舗 平塚駅前店
restaurant,1dining.co.jp,56,ワンカルビPLUS+ 三田ウッディタウン店
restaurant,phobay.com,56,Pho Bay
restaurant,shop.hamakatsu.jp,56,とんかつ濵かつ 長崎磯道店
restaurant,lit.link,55,丹波野菜しい餃子 助丸
restaurant,g-taste.co.jp,55,おむらいす亭 イオンモール神戸北店
restaurant,chanpontei.com,55,近江ちゃんぽん亭総本家 津幡店
restaurant,sulbing.com,55,설빙 대구동성로대백점
restaurant,badajini.co.kr,55,바다양푼이동태탕 제주법원점
restaurant,t-stamina.jp,55,すたみな太郎 神戸鹿の子台店
restaurant,honkinohonpo.com,55,元祖からあげ本舗 まるたけ 登川店
restaurant,thefrypan.co.kr,54,더후라이팬
restaurant,odakyu-restaurant.jp,54,箱根そば
restaurant,dskgroup.co.jp,54,札幌ラーメン どさん子浜松シーサイド店
restaurant,wendys-firstkitchen.co.jp,54,Wendy’s First Kitchen
restaurant,g.page,54,楽珍
restaurant,imsilncheesepizza.com,54,임실N치즈피자 강원랜드점
restaurant,ahoya.net,53,たこ焼あほや 小田原店
restaurant,yogerpresso.co.kr,53,요거프레소 청주서원대점
restaurant,hurxley.co.jp,53,ほっかほっか亭 津幡店
restaurant,toyokara.com,53,とよ唐亭熊本小峯店
restaurant,sfpdining.jp,53,鳥良千葉駅前店
restaurant,kajiken.biz,53,油そば専門店歌志軒久茂地店
restaurant,search.kfc.co.jp,53,ケンタッキーフライドチキン 東舞鶴店
restaurant,first-kitchen.co.jp,53,First Kitchen
restaurant,geocities.co.jp,52,それいあーど
restaurant,aokispizza.co.jp,52,アオキーズ・ピザ 中津川店
restaurant,g.ub9.jp,52,桃屋食堂
restaurant,maps.app.goo.gl,52,やきとん居酒屋KIN-KAN
restaurant,town.cyworld.com,52,샘골집
restaurant,ricetomeatyou.com,52,感動の肉と米
restaurant,foodcore.net,52,화평동왕냉면 청주복대점
restaurant,youtu.be,51,炭火焼鳥 河内屋
restaurant,parkga.co.kr,51,박가부대 원주문막점
restaurant,shinpachi-shokudo.com,51,しんぱち食堂
restaurant,ebadom.com,51,이바돔감자탕 가양점
restaurant,nilli.co.kr,51,닐리 포항점
restaurant,nabeshima-jp.com,51,焼肉なべしま 具志川店
restaurant,sushijoto.jp,51,すし上等! 小田原店
restaurant,marche.co.jp,50,八剣伝
restaurant,isomaru.jp,50,磯丸水産本厚木北口店
restaurant,obn.co.jp,50,薄皮たい焼き　たい夢　かほく店
restaurant,kiraku-g.co.jp,50,神戸源氏
restaurant,page.line.me,50,ラーメン暖暮
restaurant,napolipizza.jp,50,ナポリの窯焼津大井川店
restaurant,olivenooka.jp,50,オリーブの丘
restaurant,gozasoro.co.jp,50,御座候 岡山天満屋店
restaurant,loco.yahoo.co.jp,50,ビストロニフェー
restaurant,abiko.kr,50,아비꼬
restaurant,renge.toshu.co.jp,50,れんげ食堂 Toshu 京急富岡店
restaurant,heiroku.jp,49,平禄寿司福島矢吹店
restaurant,saboten.co.kr,49,사보텐 강릉대학로점
restaurant,plaza.rakuten.co.jp,49,焼肉いっちゃん
restaurant,katsusato.com,49,こだわりカツ丼 かつさと 沖縄安謝店
restaurant,ibanavi.net,49,焼きそば よづ家
restaurant,jihofood.com,49,지호한방삼계탕 강릉점
restaurant,omusubi-gonbei.com,49,おむすび権兵衛
restaurant,chibo.com,49,千房 札幌アスティ45店
restaurant,m.blog.naver.com,49,으뜸복어
restaurant,ebadom.co.kr,48,이바돔감자탕
restaurant,bulzip.co.kr,48,벌집삼겹살
restaurant,sabasaba.co.kr,48,사바사바치킨&비어 속초본점
restaurant,gardengroup.co.jp,48,ステーキの王様 平塚店
restaurant,가장맛있는족발.com,48,가장맛있는족발
restaurant,kiyomura.co.jp,48,すしざんまい
restaurant,tsukemen-sharin.com,48,舎鈴
restaurant,bigsoondae.com,48,신의주찹쌀순대 목포남악점
restaurant,mita-seimen.com,48,三田製麺所
restaurant,bbongdderak.com,48,뽕뜨락쌀피자연동점
restaurant,foodpia.geocities.jp,48,めし屋 市ごろう
restaurant,www7a.biglobe.ne.jp,47,しましま
restaurant,don-tei.jp,47,どん亭 国際通り安里店
restaurant,just.st,47,洋食屋 マンジェ
restaurant,hongjjajang.com,47,홍짜장 제주본점
restaurant,donenu.net,47,도네누
restaurant,botejyu.co.jp,47,全国ご当地丼ぶり屋台神戸三田アウトレット店
restaurant,tonkatu-kyk.co.jp,47,サンマルコ
restaurant,blog.smartmyshop.com,46,소문난시장칼국수
restaurant,4527.com,46,ラーメン横綱浜松店
restaurant,stores.dengana.jp,46,串かつ でんがな 平塚店
restaurant,negishi.co.jp,46,牛たんとろろ麦めし ねぎし リンクス梅田店
restaurant,food.gwanak.go.kr,46,합천황토한우
restaurant,honamimen.co.jp,45,穂波大喰堂 マーゴ関店
restaurant,ispizza.co.kr,45,임실치즈피자 춘천시 퇴계점
restaurant,yongini.com,45,용골
restaurant,dondontei.com,45,どんどん亭諫早店
restaurant,driveplaza.com,45,赤城食堂
restaurant,daiki-suisan.co.jp,45,大起水産回転寿司
restaurant,sinjeon.co.kr,45,신전떡볶이 여주점
restaurant,donday.co.kr,45,구이가 철원신수점
restaurant,nadaman.co.jp,44,なだ万厨房 そごう千葉店
restaurant,maps.sukiya.jp,44,すき家 東舞鶴白鳥店
restaurant,wansangol.com,44,완산골명가 강원랜드점
restaurant,x.com,44,横濱家系ラーメン鈴木家本厚木店
restaurant,chunhyanggol.com,44,남원추어탕
restaurant,wakashachiya.co.jp,44,若鯱家 ルビットタウン中津川店
restaurant,strawberrycones.com,44,ナポリの窯 那覇店
restaurant,gmfoods.co.jp,44,北海道らぁめん 伝丸 平塚田村店
restaurant,e-happyfood.com,44,김영희강남동태찜
restaurant,rakuten.co.jp,44,ビストロ シェ・ケン
restaurant,colowide.co.jp,44,バンノウ水産
restaurant,uokingroup.jp,44,横浜魚金
restaurant,tenpo.ichibanya.co.jp,44,CoCo壱番屋 群馬ベイシアあかぼり店
restaurant,jongrokimbap.co.kr,44,종로김밥 속초점
restaurant,deungchon.com,43,등촌샤브칼국수
restaurant,sapa.c-nexco.co.jp,43,小田原パーキングエリアスナックコーナー
restaurant,kichiri.co.jp,43,長寿日本一 長野県長寿食堂
restaurant,hanampig.co.kr,43,하남돼지집
restaurant,okkudak.co.kr,43,오꾸닭 옥계점
restaurant,hhtmj.com,43,ほっかほっか亭 二戸バイパス店
restaurant,yonehachi.co.jp,43,松坂屋静岡店本館地階惣菜米八
restaurant,qooqoo.co.kr,43,쿠우쿠우
restaurant,ikkoku-sakigake.jp,43,一刻魁堂 イオンタウン富士南店
restaurant,koganeseimensyo.com,43,こがね製麺所
restaurant,opefac.com,42,オーシャンハウス
restaurant,richfood.net,42,피쉬앤그릴 삼척교동점
restaurant,pizzaheaven.co.kr,42,피자헤븐 마석점
restaurant,ok114.co.kr,42,옛뜰
restaurant,oogiya.com,42,おおぎやラーメン
restaurant,towafood-net.co.jp,42,築地もんじゃお好み焼き　こてがえし
restaurant,ikanara.com,42,오징어나라
restaurant,uogashizushi.co.jp,42,流れ鮨大井松田店
restaurant,newotani.co.jp,42,ザ・ラウンジ
restaurant,konshinya.com,42,加賀魂心家
restaurant,hamakatsu.jp,42,とんかつ濵かつ
restaurant,ringerhut.co.jp,42,リンガーハット
restaurant,bbqolive.co.kr,42,BBQ 울진점
restaurant,kousei-grp.co.jp,42,寿し まどか 神宮店
restaurant,tagosaku.co.jp,41,たごさく
restaurant,danke-bros.co.jp,41,すし屋 銀蔵
restaurant,1129.cc,41,清香園小ヶ倉店
restaurant,fujifamilyfoods.jp,41,どんじゃか フジ長門店
restaurant,jonggajip.net,41,종가대박집청주대점
restaurant,mandoo.so,41,북촌손만두
restaurant,zipsinfood.co.kr,41,짚신 매운갈비찜
restaurant,thali-ya.com,41,インド定食ターリー屋東金店
restaurant,miyazaki.mypl.net,41,ちょげ家
restaurant,uchidaya.co.jp,41,麺勝 青葉店
restaurant,toridoll.com,41,とりどーる  三田店
restaurant,s.ameblo.jp,41,インド料理 ナマステ NIPPON
restaurant,jinjinpig.co.kr,41,배터지는생동까스용담점
restaurant,kukde.co.kr,41,국대떡볶이 청주서문점
restaurant,www16.ocn.ne.jp,41,なごみ
restaurant,tuna.dongwon.com,41,동원참치제천점
restaurant,www13.plala.or.jp,41,旬席ふみ
restaurant,tonkatsuclub.co.kr,41,돈까스클럽 춘천점
restaurant,volks-steak.jp,41,フォルクス
restaurant,gnavi.joy.ne.jp,41,金富
restaurant,r-wako.com,40,とんかつ いなば和幸
restaurant,sinpomandoo.co.kr,40,신포우리만두
restaurant,gurutto-mazar.com,40,ラーメン一石
restaurant,shoan.co.jp,40,鐘庵富士今泉ABC店
restaurant,y-shokukobo.com,40,博多もつ鍋 やまや 札幌駅前通店
restaurant,eggdrop.co.kr,40,Egg Drop
restaurant,naporitanpancho.com,40,スパゲッティーのパンチョ 平塚店
restaurant,yousyusyonin.com,40,揚州商人
restaurant,madforgarlic.com,40,Mad for Garlic
restaurant,sinto.co.kr,40,신토불이 제천점
restaurant,kalubi-taisho.com,40,カルビ大将
restaurant,kenkojp.com,40,博多ラーメン 鉄馬
restaurant,pisola.jp,40,PISOLA 熊谷月見町店
restaurant,mj-sangyo.co.jp,40,明治屋食堂
restaurant,haejang.co.kr,40,양평해장국
restaurant,pietro.co.jp,40,ピエトロ イオンモール浜松市野店
restaurant,ihwasoo.com,39,이화수전통육개장 충북증평점
restaurant,gurutto-iwaki.com,39,やきとり大吉 いわき江栗
restaurant,douraku.co.jp,39,かに道楽
restaurant,hanchon.kr,39,한촌설렁탕
restaurant,tokyo-sundubu.net,39,東京純豆腐
restaurant,sanpou-g.co.jp,39,三宝亭 長野篠ノ井店
restaurant,hanayayohei.co.jp,39,和食よへい 信州中野店
restaurant,ungteori.com,39,엉터리생고기 원주단구점
restaurant,kua-aina.com,39,KUA`AINA
restaurant,home.moatv.com,39,부안막국수
restaurant,cookchum.co.jp,39,クック・チャム 帯広店
restaurant,zzambbong.com,39,홍콩반점0410
restaurant,kitakata.co.jp,39,無尽蔵 昭和家
restaurant,www7.ocn.ne.jp,39,マナカマナ
restaurant,selfbar.kr,39,쎌빠 청주성안길점
restaurant,teacherkim.co.kr,39,바르다 김선생
restaurant,tokyodisneyresort.jp,39,S.S.コロンビア・ダイニングルーム
restaurant,maishoku.com,38,迎日楽
restaurant,fukuchan.co.jp,38,大阪ふくちぁん餃子
restaurant,cocoichibanya.co.kr,38,코코이찌방야 분당서현점
restaurant,gochi-machi.jp,38,手打うどん龍
restaurant,hilton.com,38,ロビーラウンジ
restaurant,gramgogi.co.kr,38,그램그램장락점
restaurant,sushiten.com,38,与志田
restaurant,ginzalion.jp,38,グランポレール勝沼ワイナリーガーデン
restaurant,koreapost.go.kr,38,봉화상운우체국
restaurant,club.cyworld.com,38,브래뉴
restaurant,yamanakaya.jp,38,やまなか家 郡山さくら通り店
restaurant,bondosirak.com,38,본도시락한남대점
restaurant,unatoto.com,38,名代宇奈とと いわき小名浜店
restaurant,gabuchiki.com,38,がブリチキン。草薙駅前店
restaurant,chofu.com,37,沖縄そば 楽園食堂 うるま島
restaurant,retty.me,37,かっぱ食堂
restaurant,suehiro-net.com,37,スエヒロ館小田原店
restaurant,kps7942.blog.me,37,전장군숯불갈비
restaurant,mukyodongnakji.co.kr,37,무교동낙지 용암2지구점
restaurant,sendaihenmi.com,37,牛たん焼き 仙台辺見
restaurant,mdccs.net,37,명동칼국수샤브샤브 대덕테크노밸리점
restaurant,sofuren.com,37,想夫恋 益城インター店
restaurant,kaisenmaru.co.jp,37,札幌海鮮丸田喜野井店
restaurant,joessandwich.com,37,Joe’s Sandwich
restaurant,douga-plus.itp.ne.jp,37,焼肉天外天
restaurant,maps.jolly-pasta.co.jp,37,ジョリーパスタ 名護店
restaurant,yamachan.co.jp,37,世界の山ちゃん
restaurant,soushin-ichiba.jp,37,サムライ
restaurant,gourmet.gyao.jp,37,しむじょう
restaurant,cheerskorea.com,37,치어스 대구 대곡점
restaurant,hongga.co.kr,37,홍합의 전설
restaurant,oizumifoods.co.jp,37,九州自慢本厚木店
restaurant,kitchoan.co.jp,36,宗家 源 吉兆庵 札幌三越店
restaurant,hamayuu.co.jp,36,浜木綿浜松西インター店
restaurant,m-munashi.com,36,めしや宮本むなし JR三田駅前店
restaurant,jungsungbon.com,36,정성본샤브수끼칼국수 마산점
restaurant,ggpage.kr,36,해성유기농쌈밥
restaurant,hoabinh.co.kr,36,호아빈 춘천명동점
restaurant,kuriko-an.com,36,横浜くりこ庵
restaurant,toraya-group.co.jp,36,とらや 松坂屋静岡店
restaurant,appleivy.co.jp,36,あっぷるぐりむ 佐久店
restaurant,gourmet.walkerplus.com,36,モンテ・イル・キャンティ
restaurant,tkmomck.com,36,땡큐맘치킨오송점
restaurant,torafugu.co.jp,36,ふぐよし 総本店 桜木町
restaurant,yookssam.com,36,육쌈냉면 이천점
restaurant,ogiso-seifunjo.com,36,小木曽製粉所 サンストリート浜北店
restaurant,ginza-aster.co.jp,36,銀座アスター
restaurant,hessal.com,36,햇살치킨 한남대점
restaurant,miyakohotels.ne.jp,36,エトワール
restaurant,sumibiyakiniku.com,36,焼肉カルビチャンプ 平塚宮ノ前店
restaurant,hakobura.jp,36,ランバーハウス
restaurant,genkotsu-hb.com,35,さわやか
restaurant,izumo.mypl.net,35,とんかつ絆
restaurant,marino-net.co.jp,35,パルメナーラ
restaurant,www17.plala.or.jp,35,河昌
restaurant,hakoya.co.kr,35,하코야 원주단계점
restaurant,midarae.co.kr,35,미다래 해운대점
restaurant,uncletomato.co.kr,35,토마토아저씨 제주이도점
restaurant,machidashoten.com,35,町田商店栃木箱森店
restaurant,kokoro-mazesoba.com,35,麺屋こころ
restaurant,hankyu-hotel.com,35,山葵
restaurant,ys-holdings.co.jp,35,肉匠坂井 浜松佐鳴台店
restaurant,hoso-foods.co.jp,35,元祖やきとり串八珍 兜町店
restaurant,lin.ee,35,らーめん 麦わら
restaurant,quiznos.co.kr,34,Quiznos
restaurant,chicken678.co.kr,34,강호동치킨678 문경모전점
restaurant,jonb.co.kr,34,조춘식동태탕찜 강원횡성점
restaurant,chakhannakji.com,34,착한낙지
restaurant,demae-can.com,34,シカゴピザ柳井店
restaurant,oreno.co.jp,34,俺のイタリアン 新潟古町
restaurant,g.co,34,お好み焼き かじ
restaurant,nyhotdog.co.kr,34,뉴욕핫도그앤커피
restaurant,yukdaejang.com,34,육대장
restaurant,susinippan.co.jp,34,魚がし日本一
restaurant,solemio.or.kr,34,솔레미오 원주점
restaurant,tgif.co.kr,34,T.G.I.프라이데이스 롯데대전점
restaurant,chicago-pizza.com,34,シカゴピザ 三田店
restaurant,nanpuu.co.jp,34,喃風　豊岡店
restaurant,n-rs.co.jp,34,卵と私
restaurant,steffhotdog.com,34,스테프 핫도그 강릉 씨네몰점
restaurant,kora-honten.jp,33,甲羅本店 平塚店
restaurant,foodup.co.kr,33,호수가든
restaurant,www15.ocn.ne.jp,33,松翠
restaurant,jawsfood.com,33,죠스떡볶이
restaurant,bongdaebak.co.kr,33,봉대박스파게티 청주성안점
restaurant,rdcgroup.co.jp,33,がってん寿司上田店
restaurant,torimero.com,33,三代目 鳥メロ
restaurant,tokiwatei.com,33,仙台ホルモンときわ亭 一関店
restaurant,nishikiwarai.com,33,京都錦わらい 三田ウッディタウン店
restaurant,entas.co.kr,33,선한정식
restaurant,chakangogi.co.kr,33,착한고기 청주산남점
restaurant,gift-group.co.jp,33,横浜家系ラーメン 太田商店
restaurant,sorrento.co.kr,33,원주구곡쏘렌토
restaurant,명륜진사갈비.kr,33,명륜진사갈비
restaurant,kasaneya.jp,33,かさねや 浜松店
restaurant,friendly-co.com,33,源ぺい 神戸有野店
restaurant,menupan.com,32,삼교리동치미막국수
restaurant,봉구스밥버거.kr,32,봉구스밥버거 춘천CGV점
restaurant,pizzamall.com,32,피자몰 춘천롯데마트점
restaurant,tenhoo.jp,32,テンホウ 富士見桜ヶ丘店
restaurant,food.dobong.go.kr,32,채원
restaurant,mi-mandoo.co.kr,32,명인만두 도안목원대점
restaurant,karajyu.co.jp,32,からあげの店 唐十
restaurant,niku-mansei.com,32,肉の万世佐野インター店
restaurant,shop.kollabo.co.jp,32,焼肉・韓国料理 KollaBo  高崎店
restaurant,menya-hanabi.com,32,はなび
restaurant,kanemi-foods.co.jp,32,寿司御殿伊東店
restaurant,ideaosaka.co.jp,32,鶴橋風月 垂水店
restaurant,vansan-ltd.jp,32,Italian Kitchen Vansan
restaurant,bongajangsuchon.com,32,본가장수촌 제주점
restaurant,shirohato.com,32,さわら十三里屋
restaurant,town-miyakonojo.com,32,味のスカイライン横市店
restaurant,dinomeat.co.kr,32,공룡고기
restaurant,edo-ichi.jp,32,すたみな太郎甲府昭和インター店
restaurant,fugetsu.jp,32,鶴橋風月 本厚木店
restaurant,nolboo-boodae.com,32,놀부부대찌개와철판구이
restaurant,y-goen.com,32,焼肉五苑 藤崎店
restaurant,map.ohsho.co.jp,31,餃子の王将東舞鶴店
restaurant,kingkongbudae.co.kr,31,킹콩부대찌개
restaurant,s-dondon.co.jp,31,どんどん 港中央店
restaurant,beauty-park.jp,31,ＭＯＭＯ
restaurant,foods-japan.co.jp,31,とろ麦
restaurant,a-gunma.com,31,味蔵
restaurant,yudetarou.com,31,ゆで太郎 厚木西インター店
restaurant,tekoya.com,31,てこや 東加古川駅前店
restaurant,miyoshino-sapporo.jp,31,みよしの
restaurant,chua.kr,31,원조설악추어탕삼계탕
restaurant,gifu-tanmen.com,31,岐阜タンメン 浜松店
restaurant,tenichi.co.jp,31,銀座 天一 千葉店
restaurant,g-networks.jp,31,長崎ちゃんめん
restaurant,at-s.com,31,ぎんなん
restaurant,apahotel.com,31,ashirwad
restaurant,mitsui-shopping-park.com,31,築地孫右衛門
restaurant,clea.co.jp,31,ビストロクレアンテ 平塚店
restaurant,taikotei.co.jp,31,そば太鼓邸　日生中央店
restaurant,shabu-hyang.kr,30,샤브향 청주분평점
restaurant,eggsnthingsjapan.com,30,Eggs ’n Things Coffee
restaurant,suginoya.com,30,すぎのや本陣宇都宮南店
restaurant,maimon-susi.com,30,越前まいもん寿司
restaurant,www8.plala.or.jp,30,セントジョンズ ベア
restaurant,umaya.co.jp,30,うま屋ラーメン 各務原店
restaurant,freshdon.com,30,생생돈까스 제주노형점
restaurant,linktr.ee,30,淡麗醤油らぁ麺鶏松
restaurant,canneryrow.co.jp,30,キャナリィ・ロウ 金沢鞍月店
restaurant,shop.arclandservice.co.jp,30,かつや 長野七瀬店
restaurant,cityfujisawa.ne.jp,30,ラーメンたまや
restaurant,fujiichiban.jp,30,藤一番飛騨古川店
restaurant,maps.hama-sushi.co.jp,30,はま寿司 那覇天久店
restaurant,kyedong.co.kr,30,계동치킨
restaurant,maratan.com,30,七宝麻辣湯
restaurant,yoronotaki.co.jp,30,だんまや水産 大雄山店
restaurant,namzatang.com,30,남다른감자탕연수점
restaurant,www9.plala.or.jp,30,三笠 松山店
restaurant,chinrai.co.jp,30,珍來 つくば松代店
restaurant,royalhat.com,30,ピザ・ロイヤルハット 八幡浜店
restaurant,mdcco.co.kr,30,맛닭꼬 광주두암점
restaurant,souzai-matsuoka.com,29,まつおか 遠鉄百貨店
restaurant,www17.ocn.ne.jp,29,ホットドッグ
restaurant,eastone.co.jp,29,いただきコッコちゃん JR琴似駅前店
restaurant,dachaewon.co.kr,29,토마토도시락 가평점
restaurant,cardenas.co.jp,29,The Meat Locker Steak & Café
restaurant,ckpalace.co.kr,29,닭익는마을 충북대점
restaurant,osenbeiyasanhonpo.jp,29,おせんべいやさん本舗煎遊 高崎店
restaurant,mikasakaikan.co.jp,29,銀座フランス屋
restaurant,www11.ocn.ne.jp,29,お食事処 かにふ
restaurant,chancurry.com,29,カレーのチャンピオン
restaurant,dookki.co.kr,29,두끼떡볶이
restaurant,dubuhouse.com,29,LA북창동순두부 해운대마리나점
restaurant,oita-karaage.com,29,ポッポおじさんの大分からあげ 日田店
restaurant,shabu-shabu.kisoji.co.jp,29,木曽路
restaurant,tub.co.jp,29,こめらく ニッポンのお茶漬け日和。
restaurant,soonnam.com,29,순남시래기
restaurant,gomihattin.co.jp,29,五味八珍大井松田店
restaurant,www18.ocn.ne.jp,29,お食事処 やまちゃん
restaurant,citydo.com,29,鮪屋みやぎ
restaurant,kariju.jp,29,カリッジュ 宮里店
restaurant,okonomiyaki-honpo.jp,29,お好み焼本舗
restaurant,tsukemen-tsujita.com,29,つじ田
restaurant,www12.plala.or.jp,29,おおもり
restaurant,www4.tokai.or.jp,29,すし道楽 のんき
restaurant,chianti.co.jp,29,キャプテンズクック・アズーロ 幕張
restaurant,tanaka-shoten.net,29,中華そば専門田中そば店 クイズモール龍ヶ崎店
restaurant,mkrestaurants.co.jp,29,MKレストラン 鹿児島新栄店
restaurant,dime-co.co.jp,29,とんかつ かつ勢
restaurant,konamonya-hachi.com,29,粉もん屋 八 札幌琴似店
restaurant,rincrew.co.jp,29,モアナキッチンカフェ三井アウトレットパーク仙台港店
restaurant,jeonssam.co.kr,29,교동전선생
restaurant,marinepolis.co.jp,29,マリンポリス 指宿店
restaurant,magokoro-bento.com,29,まごころ弁当 うるま店
restaurant,youngdabang.com,28,청년다방
restaurant,dengana.jp,28,BACHI 天王寺ミオ店
restaurant,shabuhyang.co.kr,28,샤브향
restaurant,ramenings.com,28,らぁ麺 はやし田成田店
restaurant,hageten.com,28,銀座ハゲ天 郡山うすい店
restaurant,dime-group.jp,28,熱烈タンタン麺一番亭 伊予三島店
restaurant,lapausa.jp,28,La Pausa - ラ パウサ
restaurant,gpado.jp,28,鉄龍山 厚木店
restaurant,kraze.co.kr,28,크라제버거 믿거나말거나박물관점
restaurant,gansozushi.com,28,元祖寿司
restaurant,zero-tokiwa.com,28,ときわ亭
restaurant,tunahachi.co.jp,28,Tsunahachi Sapporo
restaurant,zipsseng.net,28,짚동가리쌩주 청주금천점
restaurant,ichibantei-g.com,28,ラーメン屋壱番亭壬生店
restaurant,pastario.com,28,파스타리오 동해점
restaurant,rf-one.com,28,RF1 SOZAI 仙台三越店
restaurant,sushiden.co.jp,28,寿司田成田空港店
restaurant,saikabo.com,28,妻家房水戸店
restaurant,rp.gnavi.co.jp,28,ぱやお 泉崎店
restaurant,100hourscurry.jp,28,100時間カレー ジョイフル本田宇都宮店
restaurant,nipponichitaiyaki.com,28,日本一たい焼京都福知山野花店
restaurant,icho.co.jp,28,海山亭いっちょう 臼田店
restaurant,comline.co.jp,28,魚魚丸浜松中田店
restaurant,as.chizumaru.com,28,すき家 9号亀岡千代川店
restaurant,benzaiten-daifuku.jp,28,覚王山フルーツ大福 弁才天 大名店
restaurant,www2.odn.ne.jp,27,小田すし店
restaurant,fukuraya.net,27,からあげ割烹 福のから 金沢文庫店
restaurant,zukulabo.net,27,ビストロ鬼平
restaurant,www3.city.goto.nagasaki.jp,27,さつき食堂
restaurant,wakatakemaru.com,27,回転寿司若竹丸南長崎店
restaurant,gourmet.suntory.co.jp,27,やきとり大吉 並河店
restaurant,ajino-tokeidai.co.jp,27,味の時計台那覇国際通り店
restaurant,tamasushi.co.jp,27,築地玉寿司丸井今井店
restaurant,catchtable.co.kr,27,르부이부이
restaurant,saladykorea.com,27,Salady
restaurant,gurutto-aizu.com,27,すがい食堂 太田店
restaurant,katsuan.co.jp,27,ごはん処 かつ庵糸満店
restaurant,www1.odn.ne.jp,27,ちか
restaurant,www5a.biglobe.ne.jp,27,瓢亭
restaurant,kazenomachi.com,27,風の街 蘇我店
restaurant,tonkatsu-sakura.jp,27,あじフライ 神楽坂さくら
restaurant,hollys.co.kr,27,할리스커피 원주중앙점
restaurant,greensplanet.co.jp,27,一口茶屋本庄アピタ店
restaurant,showafoods.jp,27,黒田藩
restaurant,www10.plala.or.jp,27,ますみ食堂
restaurant,kushidori.com,27,串鳥 東武宇都宮駅前店
restaurant,matsue.mypl.net,27,海鮮うまいもんや 京らぎ 揖屋店
restaurant,shakeshack.kr,27,쉐이크쉑 대전 타임월드점
restaurant,italiantomato.co.jp,27,ITALIAN TOMATO Cafe Jr. 沖縄ダイナハ店
restaurant,fujiya-fs.com,27,不二家レストラン
restaurant,traffer.com,27,또와유수산
restaurant,fujiyama55.co.jp,27,フジヤマ55浜松ザザシティ店
restaurant,seiren.cc,27,健康中華庵 青蓮 東戸塚店
restaurant,augustin.co.kr,27,생어거스틴 / Saint Augustin
restaurant,gurutto-koriyama.com,27,ななせ
restaurant,sodamae.com,27,소담애
restaurant,bulbul2.com,26,불불이족발 신탄진점
restaurant,yoshimi-ism.com,26,洋食 YOSHIMI 沖縄店
restaurant,sakana770.com,26,オリゾンテ
restaurant,chamimat.co.kr,26,참이맛감자탕 대전가오점
restaurant,bbqbeer.co.kr,26,BBQ치킨앤비어 대전신탄진점
restaurant,bkfood.kr,26,큰맘할매순대국
restaurant,itadori.co.jp,26,築地ハレの日
restaurant,moukotanmen-nakamoto.com,26,蒙古タンメン中本 秦野
restaurant,nakjimadang.kr,26,김명자낙지마당 양평점
restaurant,tablecheck.com,26,中華料理頤和園天神店
restaurant,digiq.jp,26,デジキューBBQテラス ラスカ熱海店
restaurant,maruchu-sushi.com,26,回転寿司 ABRI
restaurant,gourmet.livedoor.com,26,お食事処 笑多
restaurant,theonigiri.co.kr,26,더오니기리 청주금천점
restaurant,sushi-hanamaru.com,26,回転寿司 根室花まる
restaurant,ssamchon.com,26,쌈촌
restaurant,jr-cross.co.jp,26,八起家 西口店
restaurant,d.rt-c.co.jp,26,鼎泰豊
restaurant,tsukijisushisay.co.jp,26,すし清
restaurant,junk-garage.net,26,ジャンクガレッジ 深谷店
restaurant,kaneko-hannosuke.com,26,日本橋天丼金子半之助三井アウトレットパーク北陸小矢部店
restaurant,yabaton.com,26,矢場とん北陸小矢部店
restaurant,rakeru.jp,26,ラケル
restaurant,oysterbar.co.jp,26,GUMBO & OYSTER BAR
restaurant,www8.ocn.ne.jp,26,あさの
restaurant,sanmoori.co.kr,26,군산오징어 전북대점
restaurant,karaage-kintogin.com,26,からあげ金と銀 仙台八木山店
restaurant,y-minmin.com,26,七輪炭火焼肉 味ん味ん 愛甲石田店
restaurant,yakitori-ichiban.co.jp,26,やきとり一番 金沢駅前店
restaurant,tairyoudonya.com,26,大漁丼家 平塚本店
restaurant,kaminariya.jp,26,やきとりにしだ場草加ヴァリエ店
restaurant,manboknoodle.com,26,만복국수집 정선카지노점
restaurant,www9.ocn.ne.jp,26,ハイビスカス
restaurant,likech.com,26,구어조은닭 원내점
restaurant,kappa-hompo.co.jp,25,河童ラーメン本舗和泉店
restaurant,sanpomen.jp,25,三豊麺岡本店
restaurant,borine.co.kr,25,보리네생고깃간 테크노밸리점
restaurant,gulgul.co.kr,25,굴마을 춘천석사점
restaurant,koubegyuu.com,25,神戸牛煌寿
restaurant,sanapocha.co.kr,25,사나포차 서홍점
restaurant,awok.co.jp,25,A&W 石垣店
restaurant,koichian.co.jp,25,古市庵水戸京成店
restaurant,sintv.co.kr,25,동신참치
restaurant,members3.jcom.home.ne.jp,25,ビストロクー
restaurant,92ga.co.kr,25,구이가 경동대점
restaurant,sasp.mapion.co.jp,25,ほっともっと
restaurant,thezonok.com,25,구워더존치킨 어은동점
restaurant,www15.plala.or.jp,25,ゆとり庵
restaurant,newtokyo.co.jp,25,いっさい 平塚ラスカ店
restaurant,nigirinotokubei.com,25,にぎりの徳兵衛 吉田店
restaurant,webhosofoods.jp,25,元祖やきとり串八珍 両国店
restaurant,jrfs.co.jp,25,うまや 長崎店
restaurant,fuku-sin.co.jp,25,福しん
restaurant,1958.co.kr,25,명동 할머니국수 디큐브점
restaurant,haruki.co,25,つけ麺らーめん春樹
restaurant,hanamidori.net,25,華味鳥 那の川店
restaurant,kongbul.com,25,콩불 강원대점
restaurant,torihei.co.jp,25,登利平沼田南店
restaurant,sanpachi.co.jp,25,ラーメンさんぱち名護店
restaurant,bkchina.cn,25,Burger King 汉堡王
restaurant,www10.ocn.ne.jp,25,洋食屋フリーダム
restaurant,domdomhamburger.com,25,ドムドムハンバーガー
restaurant,koichian.com,25,寿司処 古市庵
restaurant,jf-group.co.jp,24,ふく福川内店
restaurant,kkmr.co.kr,24,꽃마름신제주점
restaurant,prime-link.com,24,牛角 神戸有野店
restaurant,big-advance.site,24,とまり食堂
restaurant,shofuan.co.jp,24,青木松風庵 パームシティ店
restaurant,momook.co.kr,24,모모치킨 강릉입암점
restaurant,www5b.biglobe.ne.jp,24,秩父中村屋
restaurant,www2.plala.or.jp,24,味菜庵
restaurant,norangtongdak.co.kr,24,노랑통닭
restaurant,americanhouse.co.jp,24,KITCHEN JO'S
restaurant,g.lets-gifu.com,24,LA VITA ラ・ヴィータ・エ・ベッラ
restaurant,sasaya-company.jp,24,八百屋とごはん うらや 福島店
restaurant,www5f.biglobe.ne.jp,24,中華壺仙
restaurant,angelinus.co.kr,24,엔제리너스 충주성서점
restaurant,mr-b.jp,24,ミスターバーク
restaurant,chikuya.co.jp,24,知久屋三保店
restaurant,hanazen.ne.jp,24,はな膳印旛日医大店
restaurant,subway.com.cn,24,SUBWAY 赛百味
restaurant,bravas-ltd.com,24,Italian Kitchen VANSAN 三田店
restaurant,sushikan.co.jp,24,うまい鮨勘熱海支店
restaurant,hilltopfood.com,24,博多金龍川内店
restaurant,mitsuboshi.net,24,なごやか亭 屯田店
restaurant,samurai-curry.com,24,Rojiura Curry SAMURAI. 那覇店
restaurant,yaplog.jp,24,シノワ 縷縷 (ルル)
restaurant,home1.moatv.com,24,황포돛대
restaurant,tsukuba.ch,24,ドライブインしんちゃん いずみの里
restaurant,www16.plala.or.jp,24,うなぎ処かゞ井
restaurant,keuntong.co.kr,24,큰통치킨
restaurant,aeontown.co.jp,24,横浜家系ラーメン 波音家
restaurant,gyuta.co.jp,24,焼肉の牛太加東店
restaurant,tsukiji-kaihin.com,24,つきじ海賓国府店
restaurant,fukulabo.net,24,らーめん厨房 ケラン
restaurant,tripro.co.jp,24,鳥ぷろ 明石ビブレ店
restaurant,ospa.jp,24,インド&ネパールレストラン ダルバール 多賀城駅前店
restaurant,cocoyanen.jp,24,お好み焼きはここやねん
restaurant,meruhenk.co.jp,24,サンドイッチハウス メルヘン
restaurant,rihga.co.jp,24,鉄板焼 なにわ
restaurant,yukimura-g.co.jp,24,つけ麺吉衛門長野店
restaurant,asahibeer.co.jp,23,和風レストラン むさし
restaurant,tenjinya.com,23,天神屋 イオン富士南店
restaurant,ddf.co.kr,23,바베큐보스 무거점
restaurant,tsukiji-sushiko.com,23,築地すし好成田空港第二ターミナル店
restaurant,kimbabcheongug.co.kr,23,김밥천국노은점
restaurant,stores.marugame.com,23,丸亀製麺豊岡店
restaurant,uodon.jp,23,魚丼甲府昭和店
restaurant,route-inn.co.jp,23,石垣牛焼肉&ダイニング 琉華
restaurant,navona.co.jp,23,亀屋万年堂瀬谷店
restaurant,takaoka.mypl.net,23,嘉太郎珈琲
restaurant,iwips.com,23,윕스 부산사직점
restaurant,jin-din-rou.net,23,鼎's by jin din rou
restaurant,burmurry.com,23,버무리떡볶이 양평점
restaurant,motu-ooyama.com,23,博多もつ鍋 おおやま 仙台店
restaurant,www5.hp-ez.com,23,盈満楼
restaurant,hongikdonkatsu.com,23,홍익돈까스
restaurant,pastabuono.com,23,파스타부오노
restaurant,chikara.jp,23,ちから 呉駅店
restaurant,www4.hp-ez.com,23,一本氣蕎麦
restaurant,hakkaku88.co.jp,23,らーめん八角三木店
restaurant,baekjeong.co.kr,23,백정 문경모전점
restaurant,umenohana-restaurant.co.jp,23,かにしげ 本厚木店
restaurant,chirchir.net,23,치르치르
restaurant,shiogensui.com,23,豊岡塩元帥
restaurant,ddck.co.kr,23,디디치킨용담점
restaurant,supaisu.co.jp,23,スパイス王国
restaurant,shinhwaifood.co.kr,23,Ginza
restaurant,medic-web.jp,23,チレージオ
restaurant,iwamotoya.jp,23,岩本屋金沢駅西店
restaurant,afuri.com,22,AFURI ramen + dumpling
restaurant,tsuku2.jp,22,とんたん
restaurant,samkim.co.kr,22,삼김 마산합성점
restaurant,map.osaka-ohsho.com,22,大阪王将 ティオ舞子店
restaurant,e-map.ne.jp,22,牛角美里店
restaurant,jr-cp.co.jp,22,デリカステーション
restaurant,skenergy.com,22,동천가스충전소
restaurant,yakitateno-karubi.jp,22,焼きたてのかるび 清水春日店
restaurant,manghyang.com,22,망향비빔국수 옥천점
restaurant,me2.do,22,정선댁촌두부
restaurant,matsuya-gr.com,22,焼肉特急 亀岡店
restaurant,snname.com,22,대포해송횟집
restaurant,bentoman.co.jp,22,ベントマン 三好ケ丘
restaurant,flavorworks.co.jp,22,J.S. BURGERS CAFE mint Kobe
restaurant,map.naver.com,22,오리학교
restaurant,sushiichiba.jp,22,九州すし市場 西都店
restaurant,vonschicken.co.kr,22,Vons Chicken
restaurant,1cho-me.jp,22,パスタ屋一丁目 ラスカ熱海店
restaurant,hamakei.co.jp,22,はまけい
restaurant,sugidama-sushiizakaya.jp,22,鮨 酒 肴 杉玉
restaurant,okonomimura.jp,22,八昌
restaurant,www12.ocn.ne.jp,22,コッコフーズ
restaurant,www3.hp-ez.com,22,寿づよし
restaurant,대한곱창.com,22,군자대한곱창
restaurant,shichirin.com,22,しちりん 取手店
restaurant,udon0410.com,22,역전우동0410
restaurant,kyubeiya.jp,22,久兵衛屋高崎上並榎ハナミズキ通り店
restaurant,jc-comsa.co.jp,22,おめで鯛焼き本舗 アリオ深谷店
restaurant,store.shopping.yahoo.co.jp,22,梅家本店
restaurant,ichiko-susi.com,22,一幸 研究学園店
restaurant,sushitsune.co.jp,22,うみめし CIAL鶴見店
restaurant,minminhonten.com,22,ミンミン西神戸伊川谷店
restaurant,bears-co.jp,22,ふくの鳥 徳山店
restaurant,hinabe.net,22,小肥羊
restaurant,itp.ne.jp,22,うぐいす
restaurant,eirin-fukuju.co.jp,22,ビストロ コバラヘッタ 札幌店
restaurant,hot-one.jp,21,ホットワン 石渡店
restaurant,jwfsn.com,21,麺家 三ノ宮店
restaurant,pipuru.jp,21,Cacena（カチェーナ）
restaurant,white-gyouza.co.jp,21,ホワイト餃子伊勢崎店
restaurant,diamond-dining.com,21,HAMAKAZE TERRACE
restaurant,shop.kurasushi.co.jp,21,くら寿司 イオン南風原店
restaurant,danbo.jp,21,ラーメン暖暮 名護店
restaurant,kushinobo.co.jp,21,串の坊三井の森店
restaurant,cona-pizza.com,21,CONA アルプス駒ヶ根店
restaurant,huistenbosch.co.jp,21,ピノキオ
restaurant,kketnypdak.com,21,깻잎칩킨 태장점
restaurant,nakano-aoba.jp,21,中華そば 青葉 つくば店
restaurant,teumsae.com,21,틈새라면
restaurant,bgfcu.com,21,CU 삼척금메달휴게소점
restaurant,jimmys.co.jp,21,ジミー なご店
restaurant,redcappizza.com,21,빨간모자 동탄점
restaurant,kiou.co.jp,21,ちゃあしゅうや亀王 大安寺店
restaurant,wagashi.or.jp,21,餅甚
restaurant,pizza-pockets.com,21,ピザポケット 水戸赤塚
restaurant,boteko.co.jp,21,ぼてこ姶良店
restaurant,teng.co.jp,21,和食れすとらん天狗 浜松佐鳴台店
restaurant,gyozaya.com,21,浪花ひとくち餃子餃々 美栄橋駅前店
restaurant,doutor.co.jp,21,Cafe COTTON
restaurant,chidoriya.jp,21,千鳥屋宗家 イオン藤井寺店
restaurant,heijouen.co.jp,21,平城苑 つくば学園店
restaurant,members.jcom.home.ne.jp,21,響陶
restaurant,andmowa.com,21,和の個室空間 桜坂 長野駅前店
restaurant,boston-gr.com,21,ナポリの食卓長野南バイパス店
restaurant,cptime.co.kr,21,짬뽕타임 고색점
restaurant,donaiya.jp,21,元祖どないや 国分町店
restaurant,mangotree.jp,21,mango tree cafe
restaurant,dicos.com.cn,21,"德克士, Dico's"
restaurant,lottehotel.com,21,和イタリアン 深雪
restaurant,sgfco.kr,21,교대이층집
restaurant,reserve.resort.co.jp,21,BellaVista
restaurant,town.olleh.com,21,신다래칼국수
restaurant,kasugatei.com,21,油そば春日亭 つくばEX研究学園店
restaurant,ikkakuya.jp,21,壱角家 高崎店
restaurant,hotelmonterey.co.jp,21,洋食レストラン　エスカーレ
restaurant,premiumkarubi.jp,21,プレミアムカルビ 富士店
restaurant,crisp.co.jp,21,CRISP SALAD WORKS
restaurant,sagami-holdings.co.jp,21,和食麺処サガミ金沢松村店
restaurant,yumsem.co.kr,20,얌샘 조치원점
restaurant,gggo.co.kr,20,지지고 충북대점
restaurant,kikumasamune.co.jp,20,美代司鮨
restaurant,pf.kakao.com,20,진국설렁탕
restaurant,alpha.co.kr,20,알파문구 남원주점
restaurant,butayama.com,20,ラーメン豚山
restaurant,h3.dion.ne.jp,20,鬼ケそば
restaurant,metius-foods.com,20,Pizzeria D'oro ROMA
restaurant,ymtfds.co.jp,20,久兵衛屋
restaurant,sazae.co.jp,20,サザエ食品
restaurant,food-kr.com,20,遠州製麺所
restaurant,www7.plala.or.jp,20,五葉松
restaurant,texas-hands.jp,20,テキサスハンズ 加賀店
restaurant,pizza-cali.net,20,ピザ・カリフォルニア武蔵ケ丘店
restaurant,istarbucks.co.kr,20,스타벅스 제주용담DT점
restaurant,kirameki-mirai.co.jp,20,キラメキノトリ 東舞鶴店
restaurant,blacksmith.co.kr,20,블랙스미스 신제주점
restaurant,stores.toridoll.com,20,豚屋とん一
restaurant,torian.jp,20,とりあん 栃木店
restaurant,www13.ocn.ne.jp,20,やじろべえ
restaurant,cu.co.kr,20,칠금신용협동조합
restaurant,handaya.jp,20,喜多方らーめん 来夢横塚店
restaurant,sapporobeer.jp,20,酔鳴館
restaurant,shop.ringerhut.jp,20,リンガーハット
restaurant,r.wingbus.com,20,평가옥 분당점
restaurant,www5e.biglobe.ne.jp,20,一馬
restaurant,miragefood.co.kr,20,설악추어탕
restaurant,nurinuri.com,20,누리마을감자탕
restaurant,tsubohachi.co.jp,20,つぼ八豊岡店
restaurant,1577-7878.com,20,장충동비앤에프 신제주점
restaurant,uoriki.co.jp,20,魚力食堂
restaurant,curry-cc.jp,20,カレーショップ C&C
restaurant,nihonbashiya.jp,20,日本橋屋長兵衛
restaurant,gukbap.com,20,시루향기제천점
restaurant,maps.zensho.co.jp,20,ごはん処 かつ庵 ABLOうるま店
restaurant,naruto-ya.com,20,小樽なると屋 朝里本店
restaurant,k2.dion.ne.jp,20,ル・プラン
restaurant,oitakaraage.com,20,ジョニーのからあげ 加古川店
restaurant,09pizza.com,20,영구스피자 제주그릴엔파스타
